Using pre-set license
Built from '2021.3/release' branch; Version is '2021.3.17f1 (3e8111cac19d) revision 4096273'; Using compiler version '192829333'; Build Type 'Release'
OS: 'Windows 11  (10.0.26100) 64bit Enterprise' Language: 'en' Physical Memory: 32442 MB
BatchMode: 1, IsHumanControllingUs: 0, StartBugReporterOnCrash: 0, Is64bit: 1, IsPro: 1

COMMAND LINE ARGUMENTS:
C:\Program Files\Unity\Hub\Editor\2021.3.17f1\Editor\Unity.exe
-adb2
-batchMode
-noUpm
-name
AssetImportWorker4
-projectPath
C:/Users/jillian.chapin/Desktop/gameSem2025/CowGameMGKJ
-logFile
Logs/AssetImportWorker4.log
-srvPort
62895
Successfully changed project path to: C:/Users/jillian.chapin/Desktop/gameSem2025/CowGameMGKJ
C:/Users/jillian.chapin/Desktop/gameSem2025/CowGameMGKJ
[UnityMemory] Configuration Parameters - Can be set up in boot.config
    "memorysetup-bucket-allocator-granularity=16"
    "memorysetup-bucket-allocator-bucket-count=8"
    "memorysetup-bucket-allocator-block-size=33554432"
    "memorysetup-bucket-allocator-block-count=8"
    "memorysetup-main-allocator-block-size=16777216"
    "memorysetup-thread-allocator-block-size=16777216"
    "memorysetup-gfx-main-allocator-block-size=16777216"
    "memorysetup-gfx-thread-allocator-block-size=16777216"
    "memorysetup-cache-allocator-block-size=4194304"
    "memorysetup-typetree-allocator-block-size=2097152"
    "memorysetup-profiler-bucket-allocator-granularity=16"
    "memorysetup-profiler-bucket-allocator-bucket-count=8"
    "memorysetup-profiler-bucket-allocator-block-size=33554432"
    "memorysetup-profiler-bucket-allocator-block-count=8"
    "memorysetup-profiler-allocator-block-size=16777216"
    "memorysetup-profiler-editor-allocator-block-size=1048576"
    "memorysetup-temp-allocator-size-main=16777216"
    "memorysetup-job-temp-allocator-block-size=2097152"
    "memorysetup-job-temp-allocator-block-size-background=1048576"
    "memorysetup-job-temp-allocator-reduction-small-platforms=262144"
    "memorysetup-temp-allocator-size-background-worker=32768"
    "memorysetup-temp-allocator-size-job-worker=262144"
    "memorysetup-temp-allocator-size-preload-manager=33554432"
    "memorysetup-temp-allocator-size-nav-mesh-worker=65536"
    "memorysetup-temp-allocator-size-audio-worker=65536"
    "memorysetup-temp-allocator-size-cloud-worker=32768"
    "memorysetup-temp-allocator-size-gi-baking-worker=262144"
    "memorysetup-temp-allocator-size-gfx=262144"
Player connection [16904] Host "[IP] 216.93.147.68 [Port] 0 [Flags] 2 [Guid] 3059859574 [EditorId] 3059859574 [Version] 1048832 [Id] WindowsEditor(7,CCM233-05) [Debug] 1 [PackageName] WindowsEditor [ProjectName] Editor" joined multi-casting on [225.0.0.222:54997]...

Player connection [16904] Host "[IP] 216.93.147.68 [Port] 0 [Flags] 2 [Guid] 3059859574 [EditorId] 3059859574 [Version] 1048832 [Id] WindowsEditor(7,CCM233-05) [Debug] 1 [PackageName] WindowsEditor [ProjectName] Editor" joined alternative multi-casting on [225.0.0.222:34997]...

Refreshing native plugins compatible for Editor in 90.48 ms, found 4 plugins.
Preloading 0 native plugins for Editor in 0.00 ms.
Initialize engine version: 2021.3.17f1 (3e8111cac19d)
[Subsystems] Discovering subsystems at path C:/Program Files/Unity/Hub/Editor/2021.3.17f1/Editor/Data/Resources/UnitySubsystems
[Subsystems] Discovering subsystems at path C:/Users/jillian.chapin/Desktop/gameSem2025/CowGameMGKJ/Assets
GfxDevice: creating device client; threaded=0; jobified=0
Direct3D:
    Version:  Direct3D 11.0 [level 11.1]
    Renderer: NVIDIA GeForce RTX 3070 Ti (ID=0x2482)
    Vendor:   NVIDIA
    VRAM:     8018 MB
    Driver:   32.0.15.7296
Initialize mono
Mono path[0] = 'C:/Program Files/Unity/Hub/Editor/2021.3.17f1/Editor/Data/Managed'
Mono path[1] = 'C:/Program Files/Unity/Hub/Editor/2021.3.17f1/Editor/Data/MonoBleedingEdge/lib/mono/unityjit-win32'
Mono config path = 'C:/Program Files/Unity/Hub/Editor/2021.3.17f1/Editor/Data/MonoBleedingEdge/etc'
Using monoOptions --debugger-agent=transport=dt_socket,embedding=1,server=y,suspend=n,address=127.0.0.1:56680
Begin MonoManager ReloadAssembly
Registering precompiled unity dll's ...
Register platform support module: C:/Program Files/Unity/Hub/Editor/2021.3.17f1/Editor/Data/PlaybackEngines/WindowsStandaloneSupport/UnityEditor.WindowsStandalone.Extensions.dll
Registered in 0.003005 seconds.
Native extension for WindowsStandalone target not found
Refreshing native plugins compatible for Editor in 80.23 ms, found 4 plugins.
Preloading 0 native plugins for Editor in 0.00 ms.
Mono: successfully reloaded assembly
- Completed reload, in  0.427 seconds
Domain Reload Profiling:
	ReloadAssembly (427ms)
		BeginReloadAssembly (46ms)
			ExecutionOrderSort (0ms)
			DisableScriptedObjects (0ms)
			BackupInstance (0ms)
			ReleaseScriptingObjects (0ms)
			CreateAndSetChildDomain (0ms)
		EndReloadAssembly (318ms)
			LoadAssemblies (44ms)
			RebuildTransferFunctionScriptingTraits (0ms)
			SetupTypeCache (61ms)
			ReleaseScriptCaches (0ms)
			RebuildScriptCaches (17ms)
			SetupLoadedEditorAssemblies (200ms)
				LogAssemblyErrors (0ms)
				InitializePlatformSupportModulesInManaged (5ms)
				SetLoadedEditorAssemblies (0ms)
				RefreshPlugins (80ms)
				BeforeProcessingInitializeOnLoad (1ms)
				ProcessInitializeOnLoadAttributes (87ms)
				ProcessInitializeOnLoadMethodAttributes (27ms)
				AfterProcessingInitializeOnLoad (0ms)
				EditorAssembliesLoaded (0ms)
			ExecutionOrderSort2 (0ms)
			AwakeInstancesAfterBackupRestoration (0ms)
Platform modules already initialized, skipping
Registering precompiled user dll's ...
Registered in 0.006197 seconds.
Begin MonoManager ReloadAssembly
Symbol file LoadedFromMemory doesn't match image C:\Users\jillian.chapin\Desktop\gameSem2025\CowGameMGKJ\Library\PackageCache\com.unity.visualscripting@1.8.0\Editor\VisualScripting.Core\Dependencies\DotNetZip\Unity.VisualScripting.IonicZip.dll
Symbol file LoadedFromMemory doesn't match image C:\Users\jillian.chapin\Desktop\gameSem2025\CowGameMGKJ\Library\PackageCache\com.unity.visualscripting@1.8.0\Editor\VisualScripting.Core\Dependencies\YamlDotNet\Unity.VisualScripting.YamlDotNet.dll
Native extension for WindowsStandalone target not found
Refreshing native plugins compatible for Editor in 79.15 ms, found 4 plugins.
Preloading 0 native plugins for Editor in 0.00 ms.
Mono: successfully reloaded assembly
- Completed reload, in  0.877 seconds
Domain Reload Profiling:
	ReloadAssembly (877ms)
		BeginReloadAssembly (67ms)
			ExecutionOrderSort (0ms)
			DisableScriptedObjects (3ms)
			BackupInstance (0ms)
			ReleaseScriptingObjects (0ms)
			CreateAndSetChildDomain (12ms)
		EndReloadAssembly (736ms)
			LoadAssemblies (66ms)
			RebuildTransferFunctionScriptingTraits (0ms)
			SetupTypeCache (166ms)
			ReleaseScriptCaches (1ms)
			RebuildScriptCaches (43ms)
			SetupLoadedEditorAssemblies (434ms)
				LogAssemblyErrors (0ms)
				InitializePlatformSupportModulesInManaged (2ms)
				SetLoadedEditorAssemblies (0ms)
				RefreshPlugins (79ms)
				BeforeProcessingInitializeOnLoad (79ms)
				ProcessInitializeOnLoadAttributes (164ms)
				ProcessInitializeOnLoadMethodAttributes (105ms)
				AfterProcessingInitializeOnLoad (4ms)
				EditorAssembliesLoaded (0ms)
			ExecutionOrderSort2 (0ms)
			AwakeInstancesAfterBackupRestoration (4ms)
Platform modules already initialized, skipping
========================================================================
Worker process is ready to serve import requests
Launched and connected shader compiler UnityShaderCompiler.exe after 0.03 seconds
Refreshing native plugins compatible for Editor in 0.96 ms, found 4 plugins.
Preloading 0 native plugins for Editor in 0.00 ms.
Unloading 6263 Unused Serialized files (Serialized files now loaded: 0)
Unloading 82 unused Assets / (0.7 MB). Loaded Objects now: 6684.
Memory consumption went from 235.6 MB to 234.8 MB.
Total: 7.687900 ms (FindLiveObjects: 0.906900 ms CreateObjectMapping: 0.251000 ms MarkObjects: 6.298100 ms  DeleteObjects: 0.230600 ms)

AssetImportParameters requested are different than current active one (requested -> active):
  custom:video-decoder-ogg-theora: a1e56fd34408186e4bbccfd4996cb3dc -> 
  custom:container-muxer-webm: aa71ff27fc2769a1b78a27578f13a17b -> 
  custom:container-demuxer-webm: 4f35f7cbe854078d1ac9338744f61a02 -> 
  custom:video-encoder-webm-vp8: eb34c28f22e8b96e1ab97ce403110664 -> 
  custom:video-codec-MediaFoundation-h265: 746d11721c4dcdbdad8f713fa42b33f4 -> 
  custom:audio-encoder-webm-vorbis: bf7c407c2cedff20999df2af8eb42d56 -> 
  custom:framework-win-MediaFoundation: 216162199b28c13a410421893ffa2e32 -> 
  custom:container-demuxer-ogg: 62fdf1f143b41e24485cea50d1cbac27 -> 
  custom:video-decoder-webm-vp8: 9c59270c3fd7afecdb556c50c9e8de78 -> 
  custom:audio-decoder-ogg-vorbis: bf7c407c2cedff20999df2af8eb42d56 -> 
========================================================================
Received Import Request.
  Time since last request: 1448749.876455 seconds.
  path: Assets/Sprites/FoodSprites/Untitled_Artwork.png
  artifactKey: Guid(5d91e278f0bbc9b47ad3cbe8ec32f515) Importer(815301076,1909f56bfc062723c751e8b465ee728b)
Start importing Assets/Sprites/FoodSprites/Untitled_Artwork.png using Guid(5d91e278f0bbc9b47ad3cbe8ec32f515) Importer(815301076,1909f56bfc062723c751e8b465ee728b)  -> (artifact id: '36862003d6f0e4235744ab537594e741') in 0.073379 seconds 
========================================================================
Received Import Request.
  Time since last request: 9.012051 seconds.
  path: Assets/Sprites/FoodSprites/Untitled_Artwork 4.png
  artifactKey: Guid(09c762fa1085de84ba77bbc83fe5b2e9) Importer(815301076,1909f56bfc062723c751e8b465ee728b)
Start importing Assets/Sprites/FoodSprites/Untitled_Artwork 4.png using Guid(09c762fa1085de84ba77bbc83fe5b2e9) Importer(815301076,1909f56bfc062723c751e8b465ee728b)  -> (artifact id: 'a52cfb2d3bc5c9b632af6a24876991de') in 0.012057 seconds 
========================================================================
Received Import Request.
  Time since last request: 4.137152 seconds.
  path: Assets/Sprites/FoodSprites/Untitled_Artwork 3.png
  artifactKey: Guid(dd198c601e52680499b7aacfa870571f) Importer(815301076,1909f56bfc062723c751e8b465ee728b)
Start importing Assets/Sprites/FoodSprites/Untitled_Artwork 3.png using Guid(dd198c601e52680499b7aacfa870571f) Importer(815301076,1909f56bfc062723c751e8b465ee728b)  -> (artifact id: 'bcf81f1f05cb718e74b03c26eea8edec') in 0.012899 seconds 
========================================================================
Received Import Request.
  Time since last request: 4.784430 seconds.
  path: Assets/Sprites/FoodSprites/Untitled_Artwork 2.png
  artifactKey: Guid(a78b53f0f1621a947861b82c2eb4bc48) Importer(815301076,1909f56bfc062723c751e8b465ee728b)
Start importing Assets/Sprites/FoodSprites/Untitled_Artwork 2.png using Guid(a78b53f0f1621a947861b82c2eb4bc48) Importer(815301076,1909f56bfc062723c751e8b465ee728b)  -> (artifact id: 'ac8b491fb7f1ff0d9a04d88b6baef716') in 0.010858 seconds 
========================================================================
Received Import Request.
  Time since last request: 6.627112 seconds.
  path: Assets/Sprites/FoodSprites/Untitled_Artwork 1.png
  artifactKey: Guid(82195c315e7345f4cb92923c7c392e26) Importer(815301076,1909f56bfc062723c751e8b465ee728b)
Start importing Assets/Sprites/FoodSprites/Untitled_Artwork 1.png using Guid(82195c315e7345f4cb92923c7c392e26) Importer(815301076,1909f56bfc062723c751e8b465ee728b)  -> (artifact id: '783d95bdc0a3bb440705712b7cf9f218') in 0.012198 seconds 
========================================================================
Received Prepare
Registering precompiled user dll's ...
Registered in 0.005719 seconds.
Begin MonoManager ReloadAssembly
Symbol file LoadedFromMemory doesn't match image C:\Users\jillian.chapin\Desktop\gameSem2025\CowGameMGKJ\Library\PackageCache\com.unity.visualscripting@1.8.0\Editor\VisualScripting.Core\Dependencies\DotNetZip\Unity.VisualScripting.IonicZip.dll
Symbol file LoadedFromMemory doesn't match image C:\Users\jillian.chapin\Desktop\gameSem2025\CowGameMGKJ\Library\PackageCache\com.unity.visualscripting@1.8.0\Editor\VisualScripting.Core\Dependencies\YamlDotNet\Unity.VisualScripting.YamlDotNet.dll
Native extension for WindowsStandalone target not found
Refreshing native plugins compatible for Editor in 1.03 ms, found 4 plugins.
Preloading 0 native plugins for Editor in 0.00 ms.
Mono: successfully reloaded assembly
- Completed reload, in  0.910 seconds
Domain Reload Profiling:
	ReloadAssembly (910ms)
		BeginReloadAssembly (99ms)
			ExecutionOrderSort (0ms)
			DisableScriptedObjects (4ms)
			BackupInstance (0ms)
			ReleaseScriptingObjects (0ms)
			CreateAndSetChildDomain (32ms)
		EndReloadAssembly (747ms)
			LoadAssemblies (71ms)
			RebuildTransferFunctionScriptingTraits (0ms)
			SetupTypeCache (198ms)
			ReleaseScriptCaches (2ms)
			RebuildScriptCaches (39ms)
			SetupLoadedEditorAssemblies (394ms)
				LogAssemblyErrors (0ms)
				InitializePlatformSupportModulesInManaged (10ms)
				SetLoadedEditorAssemblies (0ms)
				RefreshPlugins (1ms)
				BeforeProcessingInitializeOnLoad (70ms)
				ProcessInitializeOnLoadAttributes (183ms)
				ProcessInitializeOnLoadMethodAttributes (126ms)
				AfterProcessingInitializeOnLoad (5ms)
				EditorAssembliesLoaded (0ms)
			ExecutionOrderSort2 (0ms)
			AwakeInstancesAfterBackupRestoration (7ms)
Platform modules already initialized, skipping
Refreshing native plugins compatible for Editor in 7.03 ms, found 4 plugins.
Preloading 0 native plugins for Editor in 0.00 ms.
Unloading 6118 Unused Serialized files (Serialized files now loaded: 0)
Unloading 69 unused Assets / (0.7 MB). Loaded Objects now: 6694.
Memory consumption went from 229.1 MB to 228.4 MB.
Total: 7.841500 ms (FindLiveObjects: 0.457200 ms CreateObjectMapping: 0.418400 ms MarkObjects: 6.602200 ms  DeleteObjects: 0.362100 ms)

AssetImportParameters requested are different than current active one (requested -> active):
  custom:video-decoder-ogg-theora: a1e56fd34408186e4bbccfd4996cb3dc -> 
  custom:container-muxer-webm: aa71ff27fc2769a1b78a27578f13a17b -> 
  custom:container-demuxer-webm: 4f35f7cbe854078d1ac9338744f61a02 -> 
  custom:video-encoder-webm-vp8: eb34c28f22e8b96e1ab97ce403110664 -> 
  custom:video-codec-MediaFoundation-h265: 746d11721c4dcdbdad8f713fa42b33f4 -> 
  custom:audio-encoder-webm-vorbis: bf7c407c2cedff20999df2af8eb42d56 -> 
  custom:framework-win-MediaFoundation: 216162199b28c13a410421893ffa2e32 -> 
  custom:container-demuxer-ogg: 62fdf1f143b41e24485cea50d1cbac27 -> 
  custom:video-decoder-webm-vp8: 9c59270c3fd7afecdb556c50c9e8de78 -> 
  custom:audio-decoder-ogg-vorbis: bf7c407c2cedff20999df2af8eb42d56 -> 
========================================================================
Received Import Request.
  Time since last request: 23.915610 seconds.
  path: Assets/Scripts/SOs/ShopItems/FoodItems/Race Rewards/Special Food.asset
  artifactKey: Guid(b4e0ff89cf57d064fa4733ee3b309cf6) Importer(815301076,1909f56bfc062723c751e8b465ee728b)
Start importing Assets/Scripts/SOs/ShopItems/FoodItems/Race Rewards/Special Food.asset using Guid(b4e0ff89cf57d064fa4733ee3b309cf6) Importer(815301076,1909f56bfc062723c751e8b465ee728b)  -> (artifact id: '99912920f9dbe8bcf46cd028a55540c1') in 0.018498 seconds 
========================================================================
Received Import Request.
  Time since last request: 16.176455 seconds.
  path: Assets/Scripts/SOs/ShopItems/FoodItems/Shop Rewards/BerryData.asset
  artifactKey: Guid(e140b18c2ecf8d643ae256c5d02c3fcb) Importer(815301076,1909f56bfc062723c751e8b465ee728b)
Start importing Assets/Scripts/SOs/ShopItems/FoodItems/Shop Rewards/BerryData.asset using Guid(e140b18c2ecf8d643ae256c5d02c3fcb) Importer(815301076,1909f56bfc062723c751e8b465ee728b)  -> (artifact id: 'cde9a75a5f37e9d9575b15f9bdc5b856') in 0.002653 seconds 
========================================================================
Received Import Request.
  Time since last request: 22.143321 seconds.
  path: Assets/Scripts/SOs/ShopItems/FoodItems/Shop Rewards/CornData.asset
  artifactKey: Guid(906c0bbba09920e44a2660ace0c2c6d5) Importer(815301076,1909f56bfc062723c751e8b465ee728b)
Start importing Assets/Scripts/SOs/ShopItems/FoodItems/Shop Rewards/CornData.asset using Guid(906c0bbba09920e44a2660ace0c2c6d5) Importer(815301076,1909f56bfc062723c751e8b465ee728b)  -> (artifact id: 'a6054f3d40cda39c0df147cb0f1cbc88') in 0.002969 seconds 
========================================================================
Received Import Request.
  Time since last request: 7.752511 seconds.
  path: Assets/Scripts/SOs/ShopItems/FoodItems/Shop Rewards/CornData 1.asset
  artifactKey: Guid(ea1efceb086515c498067b959d7d81d0) Importer(815301076,1909f56bfc062723c751e8b465ee728b)
Start importing Assets/Scripts/SOs/ShopItems/FoodItems/Shop Rewards/CornData 1.asset using Guid(ea1efceb086515c498067b959d7d81d0) Importer(815301076,1909f56bfc062723c751e8b465ee728b)  -> (artifact id: 'a96f108b6607f99b7c3cd19c1c551567') in 0.003004 seconds 
========================================================================
Received Import Request.
  Time since last request: 590.976395 seconds.
  path: Assets/Scripts/SOs/ShopItems/FoodItems/Shop Rewards/CornData 1.asset
  artifactKey: Guid(ea1efceb086515c498067b959d7d81d0) Importer(815301076,1909f56bfc062723c751e8b465ee728b)
Start importing Assets/Scripts/SOs/ShopItems/FoodItems/Shop Rewards/CornData 1.asset using Guid(ea1efceb086515c498067b959d7d81d0) Importer(815301076,1909f56bfc062723c751e8b465ee728b)  -> (artifact id: 'b8f5737cd24d5f4cad60b193314cf58b') in 0.003124 seconds 
========================================================================
Received Import Request.
  Time since last request: 12.336941 seconds.
  path: Assets/Scripts/SOs/ShopItems/FoodItems/Shop Rewards/BananaData.asset
  artifactKey: Guid(ea1efceb086515c498067b959d7d81d0) Importer(815301076,1909f56bfc062723c751e8b465ee728b)
Start importing Assets/Scripts/SOs/ShopItems/FoodItems/Shop Rewards/BananaData.asset using Guid(ea1efceb086515c498067b959d7d81d0) Importer(815301076,1909f56bfc062723c751e8b465ee728b)  -> (artifact id: 'c7ce6d8304c79db2fc427f396e528b7a') in 0.002636 seconds 
========================================================================
Received Import Request.
  Time since last request: 22.893088 seconds.
  path: Assets/Scripts/SOs/ShopItems/FoodItems/Shop Rewards/CornData 1.asset
  artifactKey: Guid(805df6c09aa254140b4689e0c7bfc741) Importer(815301076,1909f56bfc062723c751e8b465ee728b)
Start importing Assets/Scripts/SOs/ShopItems/FoodItems/Shop Rewards/CornData 1.asset using Guid(805df6c09aa254140b4689e0c7bfc741) Importer(815301076,1909f56bfc062723c751e8b465ee728b)  -> (artifact id: 'b2efae206c3725d0dac6818b32c33a05') in 0.003244 seconds 
========================================================================
Received Import Request.
  Time since last request: 0.436200 seconds.
  path: Assets/Scripts/SOs/ShopItems/FoodItems/Shop Rewards/CornData 2.asset
  artifactKey: Guid(7680f366c563a2a41a566ead14640613) Importer(815301076,1909f56bfc062723c751e8b465ee728b)
Start importing Assets/Scripts/SOs/ShopItems/FoodItems/Shop Rewards/CornData 2.asset using Guid(7680f366c563a2a41a566ead14640613) Importer(815301076,1909f56bfc062723c751e8b465ee728b)  -> (artifact id: 'b1c2d9904a35fef17f541422020277ba') in 0.002622 seconds 
========================================================================
Received Import Request.
  Time since last request: 7.462275 seconds.
  path: Assets/Scripts/SOs/ShopItems/FoodItems/Shop Rewards/CupcakeData.asset
  artifactKey: Guid(7680f366c563a2a41a566ead14640613) Importer(815301076,1909f56bfc062723c751e8b465ee728b)
Start importing Assets/Scripts/SOs/ShopItems/FoodItems/Shop Rewards/CupcakeData.asset using Guid(7680f366c563a2a41a566ead14640613) Importer(815301076,1909f56bfc062723c751e8b465ee728b)  -> (artifact id: '9436f3774cd99130e70b8f24573b7056') in 0.002926 seconds 
========================================================================
Received Import Request.
  Time since last request: 6.925057 seconds.
  path: Assets/Scripts/SOs/ShopItems/FoodItems/Shop Rewards/PancakeData.asset
  artifactKey: Guid(805df6c09aa254140b4689e0c7bfc741) Importer(815301076,1909f56bfc062723c751e8b465ee728b)
Start importing Assets/Scripts/SOs/ShopItems/FoodItems/Shop Rewards/PancakeData.asset using Guid(805df6c09aa254140b4689e0c7bfc741) Importer(815301076,1909f56bfc062723c751e8b465ee728b)  -> (artifact id: 'bc14405b613a9714b0e9b15f75b2a10d') in 0.002831 seconds 
========================================================================
Received Import Request.
  Time since last request: 46.606072 seconds.
  path: Assets/Sprites/FoodSprites/CupcakeSprite.png
  artifactKey: Guid(82195c315e7345f4cb92923c7c392e26) Importer(815301076,1909f56bfc062723c751e8b465ee728b)
Start importing Assets/Sprites/FoodSprites/CupcakeSprite.png using Guid(82195c315e7345f4cb92923c7c392e26) Importer(815301076,1909f56bfc062723c751e8b465ee728b)  -> (artifact id: '6ca797ba525a7fe1010025d3c9642ded') in 0.035009 seconds 
========================================================================
Received Import Request.
  Time since last request: 6.212613 seconds.
  path: Assets/Sprites/FoodSprites/PancakeSprite.png
  artifactKey: Guid(a78b53f0f1621a947861b82c2eb4bc48) Importer(815301076,1909f56bfc062723c751e8b465ee728b)
Start importing Assets/Sprites/FoodSprites/PancakeSprite.png using Guid(a78b53f0f1621a947861b82c2eb4bc48) Importer(815301076,1909f56bfc062723c751e8b465ee728b)  -> (artifact id: '5c7b59260d799ee7d4834917f8570cbf') in 0.015029 seconds 
========================================================================
Received Import Request.
  Time since last request: 4.225289 seconds.
  path: Assets/Sprites/FoodSprites/CornSprite.png
  artifactKey: Guid(dd198c601e52680499b7aacfa870571f) Importer(815301076,1909f56bfc062723c751e8b465ee728b)
Start importing Assets/Sprites/FoodSprites/CornSprite.png using Guid(dd198c601e52680499b7aacfa870571f) Importer(815301076,1909f56bfc062723c751e8b465ee728b)  -> (artifact id: '83f7f3f19d63ff855fc04739479d6b40') in 0.011988 seconds 
========================================================================
Received Import Request.
  Time since last request: 4.715270 seconds.
  path: Assets/Sprites/FoodSprites/BerrySprite.png
  artifactKey: Guid(09c762fa1085de84ba77bbc83fe5b2e9) Importer(815301076,1909f56bfc062723c751e8b465ee728b)
Start importing Assets/Sprites/FoodSprites/BerrySprite.png using Guid(09c762fa1085de84ba77bbc83fe5b2e9) Importer(815301076,1909f56bfc062723c751e8b465ee728b)  -> (artifact id: 'f67f7ec219b68d62387e9d45d772b6fb') in 0.013603 seconds 
========================================================================
Received Import Request.
  Time since last request: 5.699893 seconds.
  path: Assets/Sprites/FoodSprites/BananaSprite.png
  artifactKey: Guid(5d91e278f0bbc9b47ad3cbe8ec32f515) Importer(815301076,1909f56bfc062723c751e8b465ee728b)
Start importing Assets/Sprites/FoodSprites/BananaSprite.png using Guid(5d91e278f0bbc9b47ad3cbe8ec32f515) Importer(815301076,1909f56bfc062723c751e8b465ee728b)  -> (artifact id: '70ab1b1e088ced539b8ae1c710a338c5') in 0.013126 seconds 
========================================================================
Received Import Request.
  Time since last request: 8.954752 seconds.
  path: Assets/Scripts/SOs/ShopItems/FoodItems/Shop Rewards/CupcakeData.asset
  artifactKey: Guid(7680f366c563a2a41a566ead14640613) Importer(815301076,1909f56bfc062723c751e8b465ee728b)
Start importing Assets/Scripts/SOs/ShopItems/FoodItems/Shop Rewards/CupcakeData.asset using Guid(7680f366c563a2a41a566ead14640613) Importer(815301076,1909f56bfc062723c751e8b465ee728b)  -> (artifact id: 'a088ca5f55aee17c4db2a5005924afff') in 0.002770 seconds 
========================================================================
Received Prepare
Registering precompiled user dll's ...
Registered in 0.009390 seconds.
Begin MonoManager ReloadAssembly
Symbol file LoadedFromMemory doesn't match image C:\Users\jillian.chapin\Desktop\gameSem2025\CowGameMGKJ\Library\PackageCache\com.unity.visualscripting@1.8.0\Editor\VisualScripting.Core\Dependencies\DotNetZip\Unity.VisualScripting.IonicZip.dll
Symbol file LoadedFromMemory doesn't match image C:\Users\jillian.chapin\Desktop\gameSem2025\CowGameMGKJ\Library\PackageCache\com.unity.visualscripting@1.8.0\Editor\VisualScripting.Core\Dependencies\YamlDotNet\Unity.VisualScripting.YamlDotNet.dll
Native extension for WindowsStandalone target not found
Refreshing native plugins compatible for Editor in 1.04 ms, found 4 plugins.
Preloading 0 native plugins for Editor in 0.00 ms.
Mono: successfully reloaded assembly
- Completed reload, in  0.881 seconds
Domain Reload Profiling:
	ReloadAssembly (881ms)
		BeginReloadAssembly (96ms)
			ExecutionOrderSort (0ms)
			DisableScriptedObjects (4ms)
			BackupInstance (0ms)
			ReleaseScriptingObjects (0ms)
			CreateAndSetChildDomain (31ms)
		EndReloadAssembly (723ms)
			LoadAssemblies (73ms)
			RebuildTransferFunctionScriptingTraits (0ms)
			SetupTypeCache (194ms)
			ReleaseScriptCaches (2ms)
			RebuildScriptCaches (36ms)
			SetupLoadedEditorAssemblies (375ms)
				LogAssemblyErrors (0ms)
				InitializePlatformSupportModulesInManaged (9ms)
				SetLoadedEditorAssemblies (0ms)
				RefreshPlugins (1ms)
				BeforeProcessingInitializeOnLoad (68ms)
				ProcessInitializeOnLoadAttributes (175ms)
				ProcessInitializeOnLoadMethodAttributes (116ms)
				AfterProcessingInitializeOnLoad (5ms)
				EditorAssembliesLoaded (0ms)
			ExecutionOrderSort2 (0ms)
			AwakeInstancesAfterBackupRestoration (8ms)
Platform modules already initialized, skipping
Refreshing native plugins compatible for Editor in 8.35 ms, found 4 plugins.
Preloading 0 native plugins for Editor in 0.00 ms.
Unloading 6118 Unused Serialized files (Serialized files now loaded: 0)
Unloading 69 unused Assets / (0.7 MB). Loaded Objects now: 6697.
Memory consumption went from 229.1 MB to 228.4 MB.
Total: 8.164400 ms (FindLiveObjects: 0.409800 ms CreateObjectMapping: 0.464600 ms MarkObjects: 6.897000 ms  DeleteObjects: 0.391700 ms)

AssetImportParameters requested are different than current active one (requested -> active):
  custom:video-decoder-ogg-theora: a1e56fd34408186e4bbccfd4996cb3dc -> 
  custom:container-muxer-webm: aa71ff27fc2769a1b78a27578f13a17b -> 
  custom:container-demuxer-webm: 4f35f7cbe854078d1ac9338744f61a02 -> 
  custom:video-encoder-webm-vp8: eb34c28f22e8b96e1ab97ce403110664 -> 
  custom:video-codec-MediaFoundation-h265: 746d11721c4dcdbdad8f713fa42b33f4 -> 
  custom:audio-encoder-webm-vorbis: bf7c407c2cedff20999df2af8eb42d56 -> 
  custom:framework-win-MediaFoundation: 216162199b28c13a410421893ffa2e32 -> 
  custom:container-demuxer-ogg: 62fdf1f143b41e24485cea50d1cbac27 -> 
  custom:video-decoder-webm-vp8: 9c59270c3fd7afecdb556c50c9e8de78 -> 
  custom:audio-decoder-ogg-vorbis: bf7c407c2cedff20999df2af8eb42d56 -> 
========================================================================
Received Import Request.
  Time since last request: 68.875592 seconds.
  path: Assets/Scripts/Controllers/ShopUI.cs
  artifactKey: Guid(1ecf65ce236f52e44b9227162f7b5f46) Importer(815301076,1909f56bfc062723c751e8b465ee728b)
Start importing Assets/Scripts/Controllers/ShopUI.cs using Guid(1ecf65ce236f52e44b9227162f7b5f46) Importer(815301076,1909f56bfc062723c751e8b465ee728b)  -> (artifact id: '09dcec6486247bf3a0cd1ede25295cd0') in 0.012066 seconds 
========================================================================
Received Prepare
Registering precompiled user dll's ...
Registered in 0.014182 seconds.
Begin MonoManager ReloadAssembly
Symbol file LoadedFromMemory doesn't match image C:\Users\jillian.chapin\Desktop\gameSem2025\CowGameMGKJ\Library\PackageCache\com.unity.visualscripting@1.8.0\Editor\VisualScripting.Core\Dependencies\DotNetZip\Unity.VisualScripting.IonicZip.dll
Symbol file LoadedFromMemory doesn't match image C:\Users\jillian.chapin\Desktop\gameSem2025\CowGameMGKJ\Library\PackageCache\com.unity.visualscripting@1.8.0\Editor\VisualScripting.Core\Dependencies\YamlDotNet\Unity.VisualScripting.YamlDotNet.dll
Native extension for WindowsStandalone target not found
Refreshing native plugins compatible for Editor in 1.79 ms, found 4 plugins.
Preloading 0 native plugins for Editor in 0.00 ms.
Mono: successfully reloaded assembly
- Completed reload, in  1.409 seconds
Domain Reload Profiling:
	ReloadAssembly (1410ms)
		BeginReloadAssembly (144ms)
			ExecutionOrderSort (0ms)
			DisableScriptedObjects (9ms)
			BackupInstance (0ms)
			ReleaseScriptingObjects (0ms)
			CreateAndSetChildDomain (46ms)
		EndReloadAssembly (1145ms)
			LoadAssemblies (119ms)
			RebuildTransferFunctionScriptingTraits (0ms)
			SetupTypeCache (287ms)
			ReleaseScriptCaches (2ms)
			RebuildScriptCaches (61ms)
			SetupLoadedEditorAssemblies (620ms)
				LogAssemblyErrors (0ms)
				InitializePlatformSupportModulesInManaged (16ms)
				SetLoadedEditorAssemblies (1ms)
				RefreshPlugins (2ms)
				BeforeProcessingInitializeOnLoad (133ms)
				ProcessInitializeOnLoadAttributes (298ms)
				ProcessInitializeOnLoadMethodAttributes (166ms)
				AfterProcessingInitializeOnLoad (5ms)
				EditorAssembliesLoaded (0ms)
			ExecutionOrderSort2 (0ms)
			AwakeInstancesAfterBackupRestoration (6ms)
Platform modules already initialized, skipping
Refreshing native plugins compatible for Editor in 7.47 ms, found 4 plugins.
Preloading 0 native plugins for Editor in 0.00 ms.
Unloading 6118 Unused Serialized files (Serialized files now loaded: 0)
Unloading 69 unused Assets / (0.7 MB). Loaded Objects now: 6700.
Memory consumption went from 229.2 MB to 228.5 MB.
Total: 5.277800 ms (FindLiveObjects: 0.327700 ms CreateObjectMapping: 0.219100 ms MarkObjects: 4.394100 ms  DeleteObjects: 0.335500 ms)

AssetImportParameters requested are different than current active one (requested -> active):
  custom:video-decoder-ogg-theora: a1e56fd34408186e4bbccfd4996cb3dc -> 
  custom:container-muxer-webm: aa71ff27fc2769a1b78a27578f13a17b -> 
  custom:container-demuxer-webm: 4f35f7cbe854078d1ac9338744f61a02 -> 
  custom:video-encoder-webm-vp8: eb34c28f22e8b96e1ab97ce403110664 -> 
  custom:video-codec-MediaFoundation-h265: 746d11721c4dcdbdad8f713fa42b33f4 -> 
  custom:audio-encoder-webm-vorbis: bf7c407c2cedff20999df2af8eb42d56 -> 
  custom:framework-win-MediaFoundation: 216162199b28c13a410421893ffa2e32 -> 
  custom:container-demuxer-ogg: 62fdf1f143b41e24485cea50d1cbac27 -> 
  custom:video-decoder-webm-vp8: 9c59270c3fd7afecdb556c50c9e8de78 -> 
  custom:audio-decoder-ogg-vorbis: bf7c407c2cedff20999df2af8eb42d56 -> 
========================================================================
Received Prepare
Registering precompiled user dll's ...
Registered in 0.005716 seconds.
Begin MonoManager ReloadAssembly
Symbol file LoadedFromMemory doesn't match image C:\Users\jillian.chapin\Desktop\gameSem2025\CowGameMGKJ\Library\PackageCache\com.unity.visualscripting@1.8.0\Editor\VisualScripting.Core\Dependencies\DotNetZip\Unity.VisualScripting.IonicZip.dll
Symbol file LoadedFromMemory doesn't match image C:\Users\jillian.chapin\Desktop\gameSem2025\CowGameMGKJ\Library\PackageCache\com.unity.visualscripting@1.8.0\Editor\VisualScripting.Core\Dependencies\YamlDotNet\Unity.VisualScripting.YamlDotNet.dll
Native extension for WindowsStandalone target not found
Refreshing native plugins compatible for Editor in 1.01 ms, found 4 plugins.
Preloading 0 native plugins for Editor in 0.00 ms.
Mono: successfully reloaded assembly
- Completed reload, in  0.859 seconds
Domain Reload Profiling:
	ReloadAssembly (859ms)
		BeginReloadAssembly (89ms)
			ExecutionOrderSort (0ms)
			DisableScriptedObjects (4ms)
			BackupInstance (0ms)
			ReleaseScriptingObjects (0ms)
			CreateAndSetChildDomain (27ms)
		EndReloadAssembly (708ms)
			LoadAssemblies (70ms)
			RebuildTransferFunctionScriptingTraits (0ms)
			SetupTypeCache (184ms)
			ReleaseScriptCaches (2ms)
			RebuildScriptCaches (37ms)
			SetupLoadedEditorAssemblies (371ms)
				LogAssemblyErrors (0ms)
				InitializePlatformSupportModulesInManaged (9ms)
				SetLoadedEditorAssemblies (0ms)
				RefreshPlugins (1ms)
				BeforeProcessingInitializeOnLoad (66ms)
				ProcessInitializeOnLoadAttributes (179ms)
				ProcessInitializeOnLoadMethodAttributes (110ms)
				AfterProcessingInitializeOnLoad (5ms)
				EditorAssembliesLoaded (0ms)
			ExecutionOrderSort2 (0ms)
			AwakeInstancesAfterBackupRestoration (8ms)
Platform modules already initialized, skipping
Refreshing native plugins compatible for Editor in 8.94 ms, found 4 plugins.
Preloading 0 native plugins for Editor in 0.00 ms.
Unloading 6118 Unused Serialized files (Serialized files now loaded: 0)
Unloading 69 unused Assets / (0.7 MB). Loaded Objects now: 6703.
Memory consumption went from 229.2 MB to 228.5 MB.
Total: 9.165600 ms (FindLiveObjects: 0.428600 ms CreateObjectMapping: 0.620500 ms MarkObjects: 7.720400 ms  DeleteObjects: 0.394400 ms)

AssetImportParameters requested are different than current active one (requested -> active):
  custom:video-decoder-ogg-theora: a1e56fd34408186e4bbccfd4996cb3dc -> 
  custom:container-muxer-webm: aa71ff27fc2769a1b78a27578f13a17b -> 
  custom:container-demuxer-webm: 4f35f7cbe854078d1ac9338744f61a02 -> 
  custom:video-encoder-webm-vp8: eb34c28f22e8b96e1ab97ce403110664 -> 
  custom:video-codec-MediaFoundation-h265: 746d11721c4dcdbdad8f713fa42b33f4 -> 
  custom:audio-encoder-webm-vorbis: bf7c407c2cedff20999df2af8eb42d56 -> 
  custom:framework-win-MediaFoundation: 216162199b28c13a410421893ffa2e32 -> 
  custom:container-demuxer-ogg: 62fdf1f143b41e24485cea50d1cbac27 -> 
  custom:video-decoder-webm-vp8: 9c59270c3fd7afecdb556c50c9e8de78 -> 
  custom:audio-decoder-ogg-vorbis: bf7c407c2cedff20999df2af8eb42d56 -> 
========================================================================
Received Import Request.
  Time since last request: 88.718303 seconds.
  path: Assets/Scripts/SOs/ShopItems/FoodItems/Shop Rewards/BananaData.asset
  artifactKey: Guid(ea1efceb086515c498067b959d7d81d0) Importer(815301076,1909f56bfc062723c751e8b465ee728b)
Start importing Assets/Scripts/SOs/ShopItems/FoodItems/Shop Rewards/BananaData.asset using Guid(ea1efceb086515c498067b959d7d81d0) Importer(815301076,1909f56bfc062723c751e8b465ee728b)  -> (artifact id: '360c96ed1639ddbc76221dfe1bd9ab7f') in 0.014810 seconds 
========================================================================
Received Prepare
Registering precompiled user dll's ...
Registered in 0.005499 seconds.
Begin MonoManager ReloadAssembly
Symbol file LoadedFromMemory doesn't match image C:\Users\jillian.chapin\Desktop\gameSem2025\CowGameMGKJ\Library\PackageCache\com.unity.visualscripting@1.8.0\Editor\VisualScripting.Core\Dependencies\DotNetZip\Unity.VisualScripting.IonicZip.dll
Symbol file LoadedFromMemory doesn't match image C:\Users\jillian.chapin\Desktop\gameSem2025\CowGameMGKJ\Library\PackageCache\com.unity.visualscripting@1.8.0\Editor\VisualScripting.Core\Dependencies\YamlDotNet\Unity.VisualScripting.YamlDotNet.dll
Native extension for WindowsStandalone target not found
Refreshing native plugins compatible for Editor in 1.04 ms, found 4 plugins.
Preloading 0 native plugins for Editor in 0.00 ms.
Mono: successfully reloaded assembly
- Completed reload, in  0.862 seconds
Domain Reload Profiling:
	ReloadAssembly (863ms)
		BeginReloadAssembly (92ms)
			ExecutionOrderSort (0ms)
			DisableScriptedObjects (4ms)
			BackupInstance (0ms)
			ReleaseScriptingObjects (0ms)
			CreateAndSetChildDomain (30ms)
		EndReloadAssembly (708ms)
			LoadAssemblies (69ms)
			RebuildTransferFunctionScriptingTraits (0ms)
			SetupTypeCache (185ms)
			ReleaseScriptCaches (2ms)
			RebuildScriptCaches (36ms)
			SetupLoadedEditorAssemblies (369ms)
				LogAssemblyErrors (0ms)
				InitializePlatformSupportModulesInManaged (9ms)
				SetLoadedEditorAssemblies (1ms)
				RefreshPlugins (1ms)
				BeforeProcessingInitializeOnLoad (66ms)
				ProcessInitializeOnLoadAttributes (173ms)
				ProcessInitializeOnLoadMethodAttributes (114ms)
				AfterProcessingInitializeOnLoad (5ms)
				EditorAssembliesLoaded (0ms)
			ExecutionOrderSort2 (0ms)
			AwakeInstancesAfterBackupRestoration (7ms)
Platform modules already initialized, skipping
Refreshing native plugins compatible for Editor in 7.81 ms, found 4 plugins.
Preloading 0 native plugins for Editor in 0.00 ms.
Unloading 6118 Unused Serialized files (Serialized files now loaded: 0)
Unloading 69 unused Assets / (0.7 MB). Loaded Objects now: 6706.
Memory consumption went from 229.2 MB to 228.5 MB.
Total: 7.879200 ms (FindLiveObjects: 0.438400 ms CreateObjectMapping: 0.371200 ms MarkObjects: 6.664000 ms  DeleteObjects: 0.404400 ms)

AssetImportParameters requested are different than current active one (requested -> active):
  custom:video-decoder-ogg-theora: a1e56fd34408186e4bbccfd4996cb3dc -> 
  custom:container-muxer-webm: aa71ff27fc2769a1b78a27578f13a17b -> 
  custom:container-demuxer-webm: 4f35f7cbe854078d1ac9338744f61a02 -> 
  custom:video-encoder-webm-vp8: eb34c28f22e8b96e1ab97ce403110664 -> 
  custom:video-codec-MediaFoundation-h265: 746d11721c4dcdbdad8f713fa42b33f4 -> 
  custom:audio-encoder-webm-vorbis: bf7c407c2cedff20999df2af8eb42d56 -> 
  custom:framework-win-MediaFoundation: 216162199b28c13a410421893ffa2e32 -> 
  custom:container-demuxer-ogg: 62fdf1f143b41e24485cea50d1cbac27 -> 
  custom:video-decoder-webm-vp8: 9c59270c3fd7afecdb556c50c9e8de78 -> 
  custom:audio-decoder-ogg-vorbis: bf7c407c2cedff20999df2af8eb42d56 -> 
========================================================================
Received Import Request.
  Time since last request: 4.844527 seconds.
  path: Assets/Scripts/SOs/ShopItems/FoodItems/Shop Rewards/BananaData.asset
  artifactKey: Guid(ea1efceb086515c498067b959d7d81d0) Importer(815301076,1909f56bfc062723c751e8b465ee728b)
Start importing Assets/Scripts/SOs/ShopItems/FoodItems/Shop Rewards/BananaData.asset using Guid(ea1efceb086515c498067b959d7d81d0) Importer(815301076,1909f56bfc062723c751e8b465ee728b)  -> (artifact id: '122ae7563782955f83ea91e7bc9c0aa9') in 0.021451 seconds 
========================================================================
Received Prepare
Registering precompiled user dll's ...
Registered in 0.005718 seconds.
Begin MonoManager ReloadAssembly
Symbol file LoadedFromMemory doesn't match image C:\Users\jillian.chapin\Desktop\gameSem2025\CowGameMGKJ\Library\PackageCache\com.unity.visualscripting@1.8.0\Editor\VisualScripting.Core\Dependencies\DotNetZip\Unity.VisualScripting.IonicZip.dll
Symbol file LoadedFromMemory doesn't match image C:\Users\jillian.chapin\Desktop\gameSem2025\CowGameMGKJ\Library\PackageCache\com.unity.visualscripting@1.8.0\Editor\VisualScripting.Core\Dependencies\YamlDotNet\Unity.VisualScripting.YamlDotNet.dll
Native extension for WindowsStandalone target not found
Refreshing native plugins compatible for Editor in 0.93 ms, found 4 plugins.
Preloading 0 native plugins for Editor in 0.00 ms.
Mono: successfully reloaded assembly
- Completed reload, in  0.859 seconds
Domain Reload Profiling:
	ReloadAssembly (860ms)
		BeginReloadAssembly (93ms)
			ExecutionOrderSort (0ms)
			DisableScriptedObjects (4ms)
			BackupInstance (0ms)
			ReleaseScriptingObjects (0ms)
			CreateAndSetChildDomain (30ms)
		EndReloadAssembly (706ms)
			LoadAssemblies (69ms)
			RebuildTransferFunctionScriptingTraits (0ms)
			SetupTypeCache (185ms)
			ReleaseScriptCaches (2ms)
			RebuildScriptCaches (36ms)
			SetupLoadedEditorAssemblies (366ms)
				LogAssemblyErrors (0ms)
				InitializePlatformSupportModulesInManaged (8ms)
				SetLoadedEditorAssemblies (0ms)
				RefreshPlugins (1ms)
				BeforeProcessingInitializeOnLoad (63ms)
				ProcessInitializeOnLoadAttributes (175ms)
				ProcessInitializeOnLoadMethodAttributes (114ms)
				AfterProcessingInitializeOnLoad (5ms)
				EditorAssembliesLoaded (0ms)
			ExecutionOrderSort2 (0ms)
			AwakeInstancesAfterBackupRestoration (8ms)
Platform modules already initialized, skipping
Refreshing native plugins compatible for Editor in 7.85 ms, found 4 plugins.
Preloading 0 native plugins for Editor in 0.00 ms.
Unloading 6118 Unused Serialized files (Serialized files now loaded: 0)
Unloading 69 unused Assets / (0.7 MB). Loaded Objects now: 6709.
Memory consumption went from 229.2 MB to 228.5 MB.
Total: 7.241000 ms (FindLiveObjects: 0.428800 ms CreateObjectMapping: 0.349500 ms MarkObjects: 6.081100 ms  DeleteObjects: 0.380200 ms)

AssetImportParameters requested are different than current active one (requested -> active):
  custom:video-decoder-ogg-theora: a1e56fd34408186e4bbccfd4996cb3dc -> 
  custom:container-muxer-webm: aa71ff27fc2769a1b78a27578f13a17b -> 
  custom:container-demuxer-webm: 4f35f7cbe854078d1ac9338744f61a02 -> 
  custom:video-encoder-webm-vp8: eb34c28f22e8b96e1ab97ce403110664 -> 
  custom:video-codec-MediaFoundation-h265: 746d11721c4dcdbdad8f713fa42b33f4 -> 
  custom:audio-encoder-webm-vorbis: bf7c407c2cedff20999df2af8eb42d56 -> 
  custom:framework-win-MediaFoundation: 216162199b28c13a410421893ffa2e32 -> 
  custom:container-demuxer-ogg: 62fdf1f143b41e24485cea50d1cbac27 -> 
  custom:video-decoder-webm-vp8: 9c59270c3fd7afecdb556c50c9e8de78 -> 
  custom:audio-decoder-ogg-vorbis: bf7c407c2cedff20999df2af8eb42d56 -> 
========================================================================
Received Prepare
Registering precompiled user dll's ...
Registered in 0.007971 seconds.
Begin MonoManager ReloadAssembly
Symbol file LoadedFromMemory doesn't match image C:\Users\jillian.chapin\Desktop\gameSem2025\CowGameMGKJ\Library\PackageCache\com.unity.visualscripting@1.8.0\Editor\VisualScripting.Core\Dependencies\DotNetZip\Unity.VisualScripting.IonicZip.dll
Symbol file LoadedFromMemory doesn't match image C:\Users\jillian.chapin\Desktop\gameSem2025\CowGameMGKJ\Library\PackageCache\com.unity.visualscripting@1.8.0\Editor\VisualScripting.Core\Dependencies\YamlDotNet\Unity.VisualScripting.YamlDotNet.dll
Native extension for WindowsStandalone target not found
Refreshing native plugins compatible for Editor in 0.95 ms, found 4 plugins.
Preloading 0 native plugins for Editor in 0.00 ms.
Mono: successfully reloaded assembly
- Completed reload, in  0.863 seconds
Domain Reload Profiling:
	ReloadAssembly (863ms)
		BeginReloadAssembly (90ms)
			ExecutionOrderSort (0ms)
			DisableScriptedObjects (4ms)
			BackupInstance (0ms)
			ReleaseScriptingObjects (0ms)
			CreateAndSetChildDomain (28ms)
		EndReloadAssembly (707ms)
			LoadAssemblies (72ms)
			RebuildTransferFunctionScriptingTraits (0ms)
			SetupTypeCache (183ms)
			ReleaseScriptCaches (2ms)
			RebuildScriptCaches (39ms)
			SetupLoadedEditorAssemblies (367ms)
				LogAssemblyErrors (0ms)
				InitializePlatformSupportModulesInManaged (9ms)
				SetLoadedEditorAssemblies (0ms)
				RefreshPlugins (1ms)
				BeforeProcessingInitializeOnLoad (65ms)
				ProcessInitializeOnLoadAttributes (170ms)
				ProcessInitializeOnLoadMethodAttributes (116ms)
				AfterProcessingInitializeOnLoad (5ms)
				EditorAssembliesLoaded (0ms)
			ExecutionOrderSort2 (0ms)
			AwakeInstancesAfterBackupRestoration (8ms)
Platform modules already initialized, skipping
Refreshing native plugins compatible for Editor in 7.51 ms, found 4 plugins.
Preloading 0 native plugins for Editor in 0.00 ms.
Unloading 6118 Unused Serialized files (Serialized files now loaded: 0)
Unloading 69 unused Assets / (0.7 MB). Loaded Objects now: 6712.
Memory consumption went from 229.2 MB to 228.5 MB.
Total: 5.132100 ms (FindLiveObjects: 0.306800 ms CreateObjectMapping: 0.198400 ms MarkObjects: 4.367300 ms  DeleteObjects: 0.258600 ms)

AssetImportParameters requested are different than current active one (requested -> active):
  custom:video-decoder-ogg-theora: a1e56fd34408186e4bbccfd4996cb3dc -> 
  custom:container-muxer-webm: aa71ff27fc2769a1b78a27578f13a17b -> 
  custom:container-demuxer-webm: 4f35f7cbe854078d1ac9338744f61a02 -> 
  custom:video-encoder-webm-vp8: eb34c28f22e8b96e1ab97ce403110664 -> 
  custom:video-codec-MediaFoundation-h265: 746d11721c4dcdbdad8f713fa42b33f4 -> 
  custom:audio-encoder-webm-vorbis: bf7c407c2cedff20999df2af8eb42d56 -> 
  custom:framework-win-MediaFoundation: 216162199b28c13a410421893ffa2e32 -> 
  custom:container-demuxer-ogg: 62fdf1f143b41e24485cea50d1cbac27 -> 
  custom:video-decoder-webm-vp8: 9c59270c3fd7afecdb556c50c9e8de78 -> 
  custom:audio-decoder-ogg-vorbis: bf7c407c2cedff20999df2af8eb42d56 -> 
========================================================================
Received Prepare
Registering precompiled user dll's ...
Registered in 0.013080 seconds.
Begin MonoManager ReloadAssembly
Symbol file LoadedFromMemory doesn't match image C:\Users\jillian.chapin\Desktop\gameSem2025\CowGameMGKJ\Library\PackageCache\com.unity.visualscripting@1.8.0\Editor\VisualScripting.Core\Dependencies\DotNetZip\Unity.VisualScripting.IonicZip.dll
Symbol file LoadedFromMemory doesn't match image C:\Users\jillian.chapin\Desktop\gameSem2025\CowGameMGKJ\Library\PackageCache\com.unity.visualscripting@1.8.0\Editor\VisualScripting.Core\Dependencies\YamlDotNet\Unity.VisualScripting.YamlDotNet.dll
Native extension for WindowsStandalone target not found
Refreshing native plugins compatible for Editor in 0.99 ms, found 4 plugins.
Preloading 0 native plugins for Editor in 0.00 ms.
Mono: successfully reloaded assembly
- Completed reload, in  0.888 seconds
Domain Reload Profiling:
	ReloadAssembly (889ms)
		BeginReloadAssembly (102ms)
			ExecutionOrderSort (0ms)
			DisableScriptedObjects (5ms)
			BackupInstance (0ms)
			ReleaseScriptingObjects (0ms)
			CreateAndSetChildDomain (33ms)
		EndReloadAssembly (716ms)
			LoadAssemblies (78ms)
			RebuildTransferFunctionScriptingTraits (0ms)
			SetupTypeCache (182ms)
			ReleaseScriptCaches (2ms)
			RebuildScriptCaches (35ms)
			SetupLoadedEditorAssemblies (381ms)
				LogAssemblyErrors (0ms)
				InitializePlatformSupportModulesInManaged (9ms)
				SetLoadedEditorAssemblies (0ms)
				RefreshPlugins (1ms)
				BeforeProcessingInitializeOnLoad (66ms)
				ProcessInitializeOnLoadAttributes (183ms)
				ProcessInitializeOnLoadMethodAttributes (116ms)
				AfterProcessingInitializeOnLoad (4ms)
				EditorAssembliesLoaded (0ms)
			ExecutionOrderSort2 (0ms)
			AwakeInstancesAfterBackupRestoration (8ms)
Platform modules already initialized, skipping
Refreshing native plugins compatible for Editor in 7.93 ms, found 4 plugins.
Preloading 0 native plugins for Editor in 0.00 ms.
Unloading 6118 Unused Serialized files (Serialized files now loaded: 0)
Unloading 69 unused Assets / (0.7 MB). Loaded Objects now: 6715.
Memory consumption went from 229.2 MB to 228.5 MB.
Total: 7.359600 ms (FindLiveObjects: 0.396000 ms CreateObjectMapping: 0.372300 ms MarkObjects: 6.154700 ms  DeleteObjects: 0.434400 ms)

AssetImportParameters requested are different than current active one (requested -> active):
  custom:video-decoder-ogg-theora: a1e56fd34408186e4bbccfd4996cb3dc -> 
  custom:container-muxer-webm: aa71ff27fc2769a1b78a27578f13a17b -> 
  custom:container-demuxer-webm: 4f35f7cbe854078d1ac9338744f61a02 -> 
  custom:video-encoder-webm-vp8: eb34c28f22e8b96e1ab97ce403110664 -> 
  custom:video-codec-MediaFoundation-h265: 746d11721c4dcdbdad8f713fa42b33f4 -> 
  custom:audio-encoder-webm-vorbis: bf7c407c2cedff20999df2af8eb42d56 -> 
  custom:framework-win-MediaFoundation: 216162199b28c13a410421893ffa2e32 -> 
  custom:container-demuxer-ogg: 62fdf1f143b41e24485cea50d1cbac27 -> 
  custom:video-decoder-webm-vp8: 9c59270c3fd7afecdb556c50c9e8de78 -> 
  custom:audio-decoder-ogg-vorbis: bf7c407c2cedff20999df2af8eb42d56 -> 
========================================================================
Received Prepare
Registering precompiled user dll's ...
Registered in 0.014545 seconds.
Begin MonoManager ReloadAssembly
Symbol file LoadedFromMemory doesn't match image C:\Users\jillian.chapin\Desktop\gameSem2025\CowGameMGKJ\Library\PackageCache\com.unity.visualscripting@1.8.0\Editor\VisualScripting.Core\Dependencies\DotNetZip\Unity.VisualScripting.IonicZip.dll
Symbol file LoadedFromMemory doesn't match image C:\Users\jillian.chapin\Desktop\gameSem2025\CowGameMGKJ\Library\PackageCache\com.unity.visualscripting@1.8.0\Editor\VisualScripting.Core\Dependencies\YamlDotNet\Unity.VisualScripting.YamlDotNet.dll
Native extension for WindowsStandalone target not found
Refreshing native plugins compatible for Editor in 1.42 ms, found 4 plugins.
Preloading 0 native plugins for Editor in 0.00 ms.
Mono: successfully reloaded assembly
- Completed reload, in  1.564 seconds
Domain Reload Profiling:
	ReloadAssembly (1565ms)
		BeginReloadAssembly (186ms)
			ExecutionOrderSort (0ms)
			DisableScriptedObjects (19ms)
			BackupInstance (0ms)
			ReleaseScriptingObjects (0ms)
			CreateAndSetChildDomain (52ms)
		EndReloadAssembly (1259ms)
			LoadAssemblies (129ms)
			RebuildTransferFunctionScriptingTraits (0ms)
			SetupTypeCache (325ms)
			ReleaseScriptCaches (2ms)
			RebuildScriptCaches (76ms)
			SetupLoadedEditorAssemblies (654ms)
				LogAssemblyErrors (0ms)
				InitializePlatformSupportModulesInManaged (14ms)
				SetLoadedEditorAssemblies (1ms)
				RefreshPlugins (2ms)
				BeforeProcessingInitializeOnLoad (133ms)
				ProcessInitializeOnLoadAttributes (287ms)
				ProcessInitializeOnLoadMethodAttributes (207ms)
				AfterProcessingInitializeOnLoad (11ms)
				EditorAssembliesLoaded (0ms)
			ExecutionOrderSort2 (0ms)
			AwakeInstancesAfterBackupRestoration (13ms)
Platform modules already initialized, skipping
Refreshing native plugins compatible for Editor in 8.83 ms, found 4 plugins.
Preloading 0 native plugins for Editor in 0.00 ms.
Unloading 6118 Unused Serialized files (Serialized files now loaded: 0)
Unloading 69 unused Assets / (0.7 MB). Loaded Objects now: 6718.
Memory consumption went from 229.2 MB to 228.5 MB.
Total: 8.190200 ms (FindLiveObjects: 0.744100 ms CreateObjectMapping: 0.335800 ms MarkObjects: 6.704100 ms  DeleteObjects: 0.404700 ms)

AssetImportParameters requested are different than current active one (requested -> active):
  custom:video-decoder-ogg-theora: a1e56fd34408186e4bbccfd4996cb3dc -> 
  custom:container-muxer-webm: aa71ff27fc2769a1b78a27578f13a17b -> 
  custom:container-demuxer-webm: 4f35f7cbe854078d1ac9338744f61a02 -> 
  custom:video-encoder-webm-vp8: eb34c28f22e8b96e1ab97ce403110664 -> 
  custom:video-codec-MediaFoundation-h265: 746d11721c4dcdbdad8f713fa42b33f4 -> 
  custom:audio-encoder-webm-vorbis: bf7c407c2cedff20999df2af8eb42d56 -> 
  custom:framework-win-MediaFoundation: 216162199b28c13a410421893ffa2e32 -> 
  custom:container-demuxer-ogg: 62fdf1f143b41e24485cea50d1cbac27 -> 
  custom:video-decoder-webm-vp8: 9c59270c3fd7afecdb556c50c9e8de78 -> 
  custom:audio-decoder-ogg-vorbis: bf7c407c2cedff20999df2af8eb42d56 -> 
========================================================================
Received Prepare
Registering precompiled user dll's ...
Registered in 0.017702 seconds.
Begin MonoManager ReloadAssembly
Symbol file LoadedFromMemory doesn't match image C:\Users\jillian.chapin\Desktop\gameSem2025\CowGameMGKJ\Library\PackageCache\com.unity.visualscripting@1.8.0\Editor\VisualScripting.Core\Dependencies\DotNetZip\Unity.VisualScripting.IonicZip.dll
Symbol file LoadedFromMemory doesn't match image C:\Users\jillian.chapin\Desktop\gameSem2025\CowGameMGKJ\Library\PackageCache\com.unity.visualscripting@1.8.0\Editor\VisualScripting.Core\Dependencies\YamlDotNet\Unity.VisualScripting.YamlDotNet.dll
Native extension for WindowsStandalone target not found
Refreshing native plugins compatible for Editor in 0.98 ms, found 4 plugins.
Preloading 0 native plugins for Editor in 0.00 ms.
Mono: successfully reloaded assembly
- Completed reload, in  0.928 seconds
Domain Reload Profiling:
	ReloadAssembly (929ms)
		BeginReloadAssembly (166ms)
			ExecutionOrderSort (0ms)
			DisableScriptedObjects (10ms)
			BackupInstance (0ms)
			ReleaseScriptingObjects (0ms)
			CreateAndSetChildDomain (49ms)
		EndReloadAssembly (692ms)
			LoadAssemblies (102ms)
			RebuildTransferFunctionScriptingTraits (0ms)
			SetupTypeCache (179ms)
			ReleaseScriptCaches (2ms)
			RebuildScriptCaches (36ms)
			SetupLoadedEditorAssemblies (367ms)
				LogAssemblyErrors (0ms)
				InitializePlatformSupportModulesInManaged (9ms)
				SetLoadedEditorAssemblies (0ms)
				RefreshPlugins (1ms)
				BeforeProcessingInitializeOnLoad (65ms)
				ProcessInitializeOnLoadAttributes (170ms)
				ProcessInitializeOnLoadMethodAttributes (115ms)
				AfterProcessingInitializeOnLoad (7ms)
				EditorAssembliesLoaded (0ms)
			ExecutionOrderSort2 (0ms)
			AwakeInstancesAfterBackupRestoration (7ms)
Platform modules already initialized, skipping
Refreshing native plugins compatible for Editor in 7.94 ms, found 4 plugins.
Preloading 0 native plugins for Editor in 0.00 ms.
Unloading 6118 Unused Serialized files (Serialized files now loaded: 0)
Unloading 69 unused Assets / (0.7 MB). Loaded Objects now: 6721.
Memory consumption went from 229.2 MB to 228.5 MB.
Total: 7.806800 ms (FindLiveObjects: 0.406200 ms CreateObjectMapping: 0.402800 ms MarkObjects: 6.569700 ms  DeleteObjects: 0.426500 ms)

AssetImportParameters requested are different than current active one (requested -> active):
  custom:video-decoder-ogg-theora: a1e56fd34408186e4bbccfd4996cb3dc -> 
  custom:container-muxer-webm: aa71ff27fc2769a1b78a27578f13a17b -> 
  custom:container-demuxer-webm: 4f35f7cbe854078d1ac9338744f61a02 -> 
  custom:video-encoder-webm-vp8: eb34c28f22e8b96e1ab97ce403110664 -> 
  custom:video-codec-MediaFoundation-h265: 746d11721c4dcdbdad8f713fa42b33f4 -> 
  custom:audio-encoder-webm-vorbis: bf7c407c2cedff20999df2af8eb42d56 -> 
  custom:framework-win-MediaFoundation: 216162199b28c13a410421893ffa2e32 -> 
  custom:container-demuxer-ogg: 62fdf1f143b41e24485cea50d1cbac27 -> 
  custom:video-decoder-webm-vp8: 9c59270c3fd7afecdb556c50c9e8de78 -> 
  custom:audio-decoder-ogg-vorbis: bf7c407c2cedff20999df2af8eb42d56 -> 
========================================================================
Received Import Request.
  Time since last request: 222.857138 seconds.
  path: Assets/Prefabs/Food.prefab
  artifactKey: Guid(e823ec89c8c4f48489ad7ad636056b89) Importer(815301076,1909f56bfc062723c751e8b465ee728b)
Start importing Assets/Prefabs/Food.prefab using Guid(e823ec89c8c4f48489ad7ad636056b89) Importer(815301076,1909f56bfc062723c751e8b465ee728b)  -> (artifact id: 'e9879fc4b38c0e0a3e9b94be11221eea') in 0.123070 seconds 
========================================================================
Received Import Request.
  Time since last request: 5.619346 seconds.
  path: Assets/Prefabs/Food.prefab
  artifactKey: Guid(e823ec89c8c4f48489ad7ad636056b89) Importer(815301076,1909f56bfc062723c751e8b465ee728b)
Start importing Assets/Prefabs/Food.prefab using Guid(e823ec89c8c4f48489ad7ad636056b89) Importer(815301076,1909f56bfc062723c751e8b465ee728b)  -> (artifact id: 'e403ae160b724269b05f2ce07e315297') in 0.018837 seconds 
========================================================================
Received Import Request.
  Time since last request: 0.519786 seconds.
  path: Assets/Prefabs/Food.prefab
  artifactKey: Guid(e823ec89c8c4f48489ad7ad636056b89) Importer(815301076,1909f56bfc062723c751e8b465ee728b)
Start importing Assets/Prefabs/Food.prefab using Guid(e823ec89c8c4f48489ad7ad636056b89) Importer(815301076,1909f56bfc062723c751e8b465ee728b)  -> (artifact id: '17a2bc8cbf50f0258d6c393858238517') in 0.009375 seconds 
========================================================================
Received Prepare
Registering precompiled user dll's ...
Registered in 0.005492 seconds.
Begin MonoManager ReloadAssembly
Symbol file LoadedFromMemory doesn't match image C:\Users\jillian.chapin\Desktop\gameSem2025\CowGameMGKJ\Library\PackageCache\com.unity.visualscripting@1.8.0\Editor\VisualScripting.Core\Dependencies\DotNetZip\Unity.VisualScripting.IonicZip.dll
Symbol file LoadedFromMemory doesn't match image C:\Users\jillian.chapin\Desktop\gameSem2025\CowGameMGKJ\Library\PackageCache\com.unity.visualscripting@1.8.0\Editor\VisualScripting.Core\Dependencies\YamlDotNet\Unity.VisualScripting.YamlDotNet.dll
Native extension for WindowsStandalone target not found
Refreshing native plugins compatible for Editor in 1.10 ms, found 4 plugins.
Preloading 0 native plugins for Editor in 0.00 ms.
Mono: successfully reloaded assembly
- Completed reload, in  0.880 seconds
Domain Reload Profiling:
	ReloadAssembly (880ms)
		BeginReloadAssembly (90ms)
			ExecutionOrderSort (0ms)
			DisableScriptedObjects (5ms)
			BackupInstance (0ms)
			ReleaseScriptingObjects (0ms)
			CreateAndSetChildDomain (29ms)
		EndReloadAssembly (729ms)
			LoadAssemblies (62ms)
			RebuildTransferFunctionScriptingTraits (0ms)
			SetupTypeCache (182ms)
			ReleaseScriptCaches (2ms)
			RebuildScriptCaches (37ms)
			SetupLoadedEditorAssemblies (381ms)
				LogAssemblyErrors (0ms)
				InitializePlatformSupportModulesInManaged (9ms)
				SetLoadedEditorAssemblies (1ms)
				RefreshPlugins (1ms)
				BeforeProcessingInitializeOnLoad (68ms)
				ProcessInitializeOnLoadAttributes (174ms)
				ProcessInitializeOnLoadMethodAttributes (124ms)
				AfterProcessingInitializeOnLoad (4ms)
				EditorAssembliesLoaded (0ms)
			ExecutionOrderSort2 (0ms)
			AwakeInstancesAfterBackupRestoration (10ms)
Platform modules already initialized, skipping
Refreshing native plugins compatible for Editor in 7.92 ms, found 4 plugins.
Preloading 0 native plugins for Editor in 0.00 ms.
Unloading 6125 Unused Serialized files (Serialized files now loaded: 0)
Unloading 69 unused Assets / (0.7 MB). Loaded Objects now: 6773.
Memory consumption went from 232.2 MB to 231.6 MB.
Total: 8.805100 ms (FindLiveObjects: 0.639900 ms CreateObjectMapping: 0.510000 ms MarkObjects: 7.255500 ms  DeleteObjects: 0.398300 ms)

AssetImportParameters requested are different than current active one (requested -> active):
  custom:video-decoder-ogg-theora: a1e56fd34408186e4bbccfd4996cb3dc -> 
  custom:container-muxer-webm: aa71ff27fc2769a1b78a27578f13a17b -> 
  custom:container-demuxer-webm: 4f35f7cbe854078d1ac9338744f61a02 -> 
  custom:video-encoder-webm-vp8: eb34c28f22e8b96e1ab97ce403110664 -> 
  custom:video-codec-MediaFoundation-h265: 746d11721c4dcdbdad8f713fa42b33f4 -> 
  custom:audio-encoder-webm-vorbis: bf7c407c2cedff20999df2af8eb42d56 -> 
  custom:framework-win-MediaFoundation: 216162199b28c13a410421893ffa2e32 -> 
  custom:container-demuxer-ogg: 62fdf1f143b41e24485cea50d1cbac27 -> 
  custom:video-decoder-webm-vp8: 9c59270c3fd7afecdb556c50c9e8de78 -> 
  custom:audio-decoder-ogg-vorbis: bf7c407c2cedff20999df2af8eb42d56 -> 
========================================================================
Received Import Request.
  Time since last request: 34.942333 seconds.
  path: Assets/Sprites/FoodSprites/PancakeSprite.png
  artifactKey: Guid(a78b53f0f1621a947861b82c2eb4bc48) Importer(815301076,1909f56bfc062723c751e8b465ee728b)
Start importing Assets/Sprites/FoodSprites/PancakeSprite.png using Guid(a78b53f0f1621a947861b82c2eb4bc48) Importer(815301076,1909f56bfc062723c751e8b465ee728b)  -> (artifact id: '6e8c5a0d9ccb14800438ec0a4a872057') in 0.048494 seconds 
========================================================================
Received Import Request.
  Time since last request: 0.000032 seconds.
  path: Assets/Sprites/FoodSprites/CornSprite.png
  artifactKey: Guid(dd198c601e52680499b7aacfa870571f) Importer(815301076,1909f56bfc062723c751e8b465ee728b)
Start importing Assets/Sprites/FoodSprites/CornSprite.png using Guid(dd198c601e52680499b7aacfa870571f) Importer(815301076,1909f56bfc062723c751e8b465ee728b)  -> (artifact id: 'a6490a2c8e4f913bd2e21f4f2c4e102c') in 0.012993 seconds 
========================================================================
Received Import Request.
  Time since last request: 0.000025 seconds.
  path: Assets/Sprites/FoodSprites/CupcakeSprite.png
  artifactKey: Guid(82195c315e7345f4cb92923c7c392e26) Importer(815301076,1909f56bfc062723c751e8b465ee728b)
Start importing Assets/Sprites/FoodSprites/CupcakeSprite.png using Guid(82195c315e7345f4cb92923c7c392e26) Importer(815301076,1909f56bfc062723c751e8b465ee728b)  -> (artifact id: '5ffa456d32f2e2103147b7f802579ff7') in 0.011571 seconds 
========================================================================
Received Import Request.
  Time since last request: 0.000030 seconds.
  path: Assets/Sprites/FoodSprites/BerrySprite.png
  artifactKey: Guid(09c762fa1085de84ba77bbc83fe5b2e9) Importer(815301076,1909f56bfc062723c751e8b465ee728b)
Start importing Assets/Sprites/FoodSprites/BerrySprite.png using Guid(09c762fa1085de84ba77bbc83fe5b2e9) Importer(815301076,1909f56bfc062723c751e8b465ee728b)  -> (artifact id: 'c254084e4680696fdbec9058236982b5') in 0.012080 seconds 
========================================================================
Received Prepare
Registering precompiled user dll's ...
Registered in 0.007224 seconds.
Begin MonoManager ReloadAssembly
Symbol file LoadedFromMemory doesn't match image C:\Users\jillian.chapin\Desktop\gameSem2025\CowGameMGKJ\Library\PackageCache\com.unity.visualscripting@1.8.0\Editor\VisualScripting.Core\Dependencies\DotNetZip\Unity.VisualScripting.IonicZip.dll
Symbol file LoadedFromMemory doesn't match image C:\Users\jillian.chapin\Desktop\gameSem2025\CowGameMGKJ\Library\PackageCache\com.unity.visualscripting@1.8.0\Editor\VisualScripting.Core\Dependencies\YamlDotNet\Unity.VisualScripting.YamlDotNet.dll
Native extension for WindowsStandalone target not found
Refreshing native plugins compatible for Editor in 1.04 ms, found 4 plugins.
Preloading 0 native plugins for Editor in 0.00 ms.
Mono: successfully reloaded assembly
- Completed reload, in  0.881 seconds
Domain Reload Profiling:
	ReloadAssembly (882ms)
		BeginReloadAssembly (93ms)
			ExecutionOrderSort (0ms)
			DisableScriptedObjects (6ms)
			BackupInstance (0ms)
			ReleaseScriptingObjects (0ms)
			CreateAndSetChildDomain (27ms)
		EndReloadAssembly (722ms)
			LoadAssemblies (67ms)
			RebuildTransferFunctionScriptingTraits (0ms)
			SetupTypeCache (176ms)
			ReleaseScriptCaches (2ms)
			RebuildScriptCaches (36ms)
			SetupLoadedEditorAssemblies (378ms)
				LogAssemblyErrors (0ms)
				InitializePlatformSupportModulesInManaged (9ms)
				SetLoadedEditorAssemblies (0ms)
				RefreshPlugins (1ms)
				BeforeProcessingInitializeOnLoad (67ms)
				ProcessInitializeOnLoadAttributes (178ms)
				ProcessInitializeOnLoadMethodAttributes (118ms)
				AfterProcessingInitializeOnLoad (5ms)
				EditorAssembliesLoaded (0ms)
			ExecutionOrderSort2 (0ms)
			AwakeInstancesAfterBackupRestoration (10ms)
Platform modules already initialized, skipping
Refreshing native plugins compatible for Editor in 8.09 ms, found 4 plugins.
Preloading 0 native plugins for Editor in 0.00 ms.
Unloading 6126 Unused Serialized files (Serialized files now loaded: 0)
Unloading 69 unused Assets / (0.7 MB). Loaded Objects now: 6776.
Memory consumption went from 232.3 MB to 231.6 MB.
Total: 7.872000 ms (FindLiveObjects: 0.436000 ms CreateObjectMapping: 0.417100 ms MarkObjects: 6.642800 ms  DeleteObjects: 0.375100 ms)

AssetImportParameters requested are different than current active one (requested -> active):
  custom:video-decoder-ogg-theora: a1e56fd34408186e4bbccfd4996cb3dc -> 
  custom:container-muxer-webm: aa71ff27fc2769a1b78a27578f13a17b -> 
  custom:container-demuxer-webm: 4f35f7cbe854078d1ac9338744f61a02 -> 
  custom:video-encoder-webm-vp8: eb34c28f22e8b96e1ab97ce403110664 -> 
  custom:video-codec-MediaFoundation-h265: 746d11721c4dcdbdad8f713fa42b33f4 -> 
  custom:audio-encoder-webm-vorbis: bf7c407c2cedff20999df2af8eb42d56 -> 
  custom:framework-win-MediaFoundation: 216162199b28c13a410421893ffa2e32 -> 
  custom:container-demuxer-ogg: 62fdf1f143b41e24485cea50d1cbac27 -> 
  custom:video-decoder-webm-vp8: 9c59270c3fd7afecdb556c50c9e8de78 -> 
  custom:audio-decoder-ogg-vorbis: bf7c407c2cedff20999df2af8eb42d56 -> 
========================================================================
Received Import Request.
  Time since last request: 187.046940 seconds.
  path: Assets/Scripts/SOs/ShopItems/FoodItems/Shop Rewards/CupcakeData.asset
  artifactKey: Guid(7680f366c563a2a41a566ead14640613) Importer(815301076,1909f56bfc062723c751e8b465ee728b)
Start importing Assets/Scripts/SOs/ShopItems/FoodItems/Shop Rewards/CupcakeData.asset using Guid(7680f366c563a2a41a566ead14640613) Importer(815301076,1909f56bfc062723c751e8b465ee728b)  -> (artifact id: '47cfa206772a54ca343706d792256973') in 0.016232 seconds 
========================================================================
Received Import Request.
  Time since last request: 0.000026 seconds.
  path: Assets/Scripts/SOs/ShopItems/FoodItems/Shop Rewards/PancakeData.asset
  artifactKey: Guid(805df6c09aa254140b4689e0c7bfc741) Importer(815301076,1909f56bfc062723c751e8b465ee728b)
Start importing Assets/Scripts/SOs/ShopItems/FoodItems/Shop Rewards/PancakeData.asset using Guid(805df6c09aa254140b4689e0c7bfc741) Importer(815301076,1909f56bfc062723c751e8b465ee728b)  -> (artifact id: '1abcba84618413e5005c142049b7f401') in 0.003446 seconds 
========================================================================
Received Prepare
Registering precompiled user dll's ...
Registered in 0.005489 seconds.
Begin MonoManager ReloadAssembly
Symbol file LoadedFromMemory doesn't match image C:\Users\jillian.chapin\Desktop\gameSem2025\CowGameMGKJ\Library\PackageCache\com.unity.visualscripting@1.8.0\Editor\VisualScripting.Core\Dependencies\DotNetZip\Unity.VisualScripting.IonicZip.dll
Symbol file LoadedFromMemory doesn't match image C:\Users\jillian.chapin\Desktop\gameSem2025\CowGameMGKJ\Library\PackageCache\com.unity.visualscripting@1.8.0\Editor\VisualScripting.Core\Dependencies\YamlDotNet\Unity.VisualScripting.YamlDotNet.dll
Native extension for WindowsStandalone target not found
Refreshing native plugins compatible for Editor in 1.12 ms, found 4 plugins.
Preloading 0 native plugins for Editor in 0.00 ms.
Mono: successfully reloaded assembly
- Completed reload, in  0.876 seconds
Domain Reload Profiling:
	ReloadAssembly (877ms)
		BeginReloadAssembly (93ms)
			ExecutionOrderSort (0ms)
			DisableScriptedObjects (4ms)
			BackupInstance (0ms)
			ReleaseScriptingObjects (0ms)
			CreateAndSetChildDomain (30ms)
		EndReloadAssembly (723ms)
			LoadAssemblies (64ms)
			RebuildTransferFunctionScriptingTraits (0ms)
			SetupTypeCache (182ms)
			ReleaseScriptCaches (2ms)
			RebuildScriptCaches (35ms)
			SetupLoadedEditorAssemblies (376ms)
				LogAssemblyErrors (0ms)
				InitializePlatformSupportModulesInManaged (9ms)
				SetLoadedEditorAssemblies (0ms)
				RefreshPlugins (1ms)
				BeforeProcessingInitializeOnLoad (68ms)
				ProcessInitializeOnLoadAttributes (173ms)
				ProcessInitializeOnLoadMethodAttributes (118ms)
				AfterProcessingInitializeOnLoad (6ms)
				EditorAssembliesLoaded (0ms)
			ExecutionOrderSort2 (0ms)
			AwakeInstancesAfterBackupRestoration (11ms)
Platform modules already initialized, skipping
Refreshing native plugins compatible for Editor in 7.37 ms, found 4 plugins.
Preloading 0 native plugins for Editor in 0.00 ms.
Unloading 6126 Unused Serialized files (Serialized files now loaded: 0)
Unloading 69 unused Assets / (0.7 MB). Loaded Objects now: 6779.
Memory consumption went from 232.3 MB to 231.6 MB.
Total: 7.918200 ms (FindLiveObjects: 0.440600 ms CreateObjectMapping: 0.406200 ms MarkObjects: 6.663200 ms  DeleteObjects: 0.406600 ms)

AssetImportParameters requested are different than current active one (requested -> active):
  custom:video-decoder-ogg-theora: a1e56fd34408186e4bbccfd4996cb3dc -> 
  custom:container-muxer-webm: aa71ff27fc2769a1b78a27578f13a17b -> 
  custom:container-demuxer-webm: 4f35f7cbe854078d1ac9338744f61a02 -> 
  custom:video-encoder-webm-vp8: eb34c28f22e8b96e1ab97ce403110664 -> 
  custom:video-codec-MediaFoundation-h265: 746d11721c4dcdbdad8f713fa42b33f4 -> 
  custom:audio-encoder-webm-vorbis: bf7c407c2cedff20999df2af8eb42d56 -> 
  custom:framework-win-MediaFoundation: 216162199b28c13a410421893ffa2e32 -> 
  custom:container-demuxer-ogg: 62fdf1f143b41e24485cea50d1cbac27 -> 
  custom:video-decoder-webm-vp8: 9c59270c3fd7afecdb556c50c9e8de78 -> 
  custom:audio-decoder-ogg-vorbis: bf7c407c2cedff20999df2af8eb42d56 -> 
========================================================================
Received Import Request.
  Time since last request: 5.268974 seconds.
  path: Assets/Scripts/SOs/ShopItems/FoodItems/Shop Rewards/CupcakeData.asset
  artifactKey: Guid(7680f366c563a2a41a566ead14640613) Importer(815301076,1909f56bfc062723c751e8b465ee728b)
Start importing Assets/Scripts/SOs/ShopItems/FoodItems/Shop Rewards/CupcakeData.asset using Guid(7680f366c563a2a41a566ead14640613) Importer(815301076,1909f56bfc062723c751e8b465ee728b)  -> (artifact id: 'fdb04f98c61fc1147741f6c3d32c5531') in 0.025357 seconds 
========================================================================
Received Import Request.
  Time since last request: 106.428979 seconds.
  path: Assets/Scripts/SOs/ShopItems/FoodItems/Shop Rewards/CupcakeData.asset
  artifactKey: Guid(7680f366c563a2a41a566ead14640613) Importer(815301076,1909f56bfc062723c751e8b465ee728b)
Start importing Assets/Scripts/SOs/ShopItems/FoodItems/Shop Rewards/CupcakeData.asset using Guid(7680f366c563a2a41a566ead14640613) Importer(815301076,1909f56bfc062723c751e8b465ee728b)  -> (artifact id: '5c2e234f2b1a5443abcf678d04dfc392') in 0.002946 seconds 
========================================================================
Received Prepare
Registering precompiled user dll's ...
Registered in 0.005581 seconds.
Begin MonoManager ReloadAssembly
Symbol file LoadedFromMemory doesn't match image C:\Users\jillian.chapin\Desktop\gameSem2025\CowGameMGKJ\Library\PackageCache\com.unity.visualscripting@1.8.0\Editor\VisualScripting.Core\Dependencies\DotNetZip\Unity.VisualScripting.IonicZip.dll
Symbol file LoadedFromMemory doesn't match image C:\Users\jillian.chapin\Desktop\gameSem2025\CowGameMGKJ\Library\PackageCache\com.unity.visualscripting@1.8.0\Editor\VisualScripting.Core\Dependencies\YamlDotNet\Unity.VisualScripting.YamlDotNet.dll
Native extension for WindowsStandalone target not found
Refreshing native plugins compatible for Editor in 1.04 ms, found 4 plugins.
Preloading 0 native plugins for Editor in 0.00 ms.
Mono: successfully reloaded assembly
- Completed reload, in  0.869 seconds
Domain Reload Profiling:
	ReloadAssembly (869ms)
		BeginReloadAssembly (92ms)
			ExecutionOrderSort (0ms)
			DisableScriptedObjects (4ms)
			BackupInstance (0ms)
			ReleaseScriptingObjects (0ms)
			CreateAndSetChildDomain (28ms)
		EndReloadAssembly (713ms)
			LoadAssemblies (62ms)
			RebuildTransferFunctionScriptingTraits (0ms)
			SetupTypeCache (179ms)
			ReleaseScriptCaches (2ms)
			RebuildScriptCaches (35ms)
			SetupLoadedEditorAssemblies (371ms)
				LogAssemblyErrors (0ms)
				InitializePlatformSupportModulesInManaged (9ms)
				SetLoadedEditorAssemblies (0ms)
				RefreshPlugins (1ms)
				BeforeProcessingInitializeOnLoad (65ms)
				ProcessInitializeOnLoadAttributes (175ms)
				ProcessInitializeOnLoadMethodAttributes (115ms)
				AfterProcessingInitializeOnLoad (5ms)
				EditorAssembliesLoaded (0ms)
			ExecutionOrderSort2 (0ms)
			AwakeInstancesAfterBackupRestoration (11ms)
Platform modules already initialized, skipping
Refreshing native plugins compatible for Editor in 6.63 ms, found 4 plugins.
Preloading 0 native plugins for Editor in 0.00 ms.
Unloading 6126 Unused Serialized files (Serialized files now loaded: 0)
Unloading 69 unused Assets / (0.7 MB). Loaded Objects now: 6782.
Memory consumption went from 232.4 MB to 231.7 MB.
Total: 8.461300 ms (FindLiveObjects: 0.901200 ms CreateObjectMapping: 0.335000 ms MarkObjects: 6.927800 ms  DeleteObjects: 0.295400 ms)

AssetImportParameters requested are different than current active one (requested -> active):
  custom:video-decoder-ogg-theora: a1e56fd34408186e4bbccfd4996cb3dc -> 
  custom:container-muxer-webm: aa71ff27fc2769a1b78a27578f13a17b -> 
  custom:container-demuxer-webm: 4f35f7cbe854078d1ac9338744f61a02 -> 
  custom:video-encoder-webm-vp8: eb34c28f22e8b96e1ab97ce403110664 -> 
  custom:video-codec-MediaFoundation-h265: 746d11721c4dcdbdad8f713fa42b33f4 -> 
  custom:audio-encoder-webm-vorbis: bf7c407c2cedff20999df2af8eb42d56 -> 
  custom:framework-win-MediaFoundation: 216162199b28c13a410421893ffa2e32 -> 
  custom:container-demuxer-ogg: 62fdf1f143b41e24485cea50d1cbac27 -> 
  custom:video-decoder-webm-vp8: 9c59270c3fd7afecdb556c50c9e8de78 -> 
  custom:audio-decoder-ogg-vorbis: bf7c407c2cedff20999df2af8eb42d56 -> 
========================================================================
Received Prepare
Registering precompiled user dll's ...
Registered in 0.005233 seconds.
Begin MonoManager ReloadAssembly
Symbol file LoadedFromMemory doesn't match image C:\Users\jillian.chapin\Desktop\gameSem2025\CowGameMGKJ\Library\PackageCache\com.unity.visualscripting@1.8.0\Editor\VisualScripting.Core\Dependencies\DotNetZip\Unity.VisualScripting.IonicZip.dll
Symbol file LoadedFromMemory doesn't match image C:\Users\jillian.chapin\Desktop\gameSem2025\CowGameMGKJ\Library\PackageCache\com.unity.visualscripting@1.8.0\Editor\VisualScripting.Core\Dependencies\YamlDotNet\Unity.VisualScripting.YamlDotNet.dll
Native extension for WindowsStandalone target not found
Refreshing native plugins compatible for Editor in 1.03 ms, found 4 plugins.
Preloading 0 native plugins for Editor in 0.00 ms.
Mono: successfully reloaded assembly
- Completed reload, in  0.874 seconds
Domain Reload Profiling:
	ReloadAssembly (875ms)
		BeginReloadAssembly (88ms)
			ExecutionOrderSort (0ms)
			DisableScriptedObjects (4ms)
			BackupInstance (0ms)
			ReleaseScriptingObjects (0ms)
			CreateAndSetChildDomain (26ms)
		EndReloadAssembly (726ms)
			LoadAssemblies (60ms)
			RebuildTransferFunctionScriptingTraits (0ms)
			SetupTypeCache (181ms)
			ReleaseScriptCaches (2ms)
			RebuildScriptCaches (36ms)
			SetupLoadedEditorAssemblies (378ms)
				LogAssemblyErrors (0ms)
				InitializePlatformSupportModulesInManaged (9ms)
				SetLoadedEditorAssemblies (0ms)
				RefreshPlugins (1ms)
				BeforeProcessingInitializeOnLoad (65ms)
				ProcessInitializeOnLoadAttributes (169ms)
				ProcessInitializeOnLoadMethodAttributes (125ms)
				AfterProcessingInitializeOnLoad (7ms)
				EditorAssembliesLoaded (0ms)
			ExecutionOrderSort2 (0ms)
			AwakeInstancesAfterBackupRestoration (11ms)
Platform modules already initialized, skipping
Refreshing native plugins compatible for Editor in 7.63 ms, found 4 plugins.
Preloading 0 native plugins for Editor in 0.00 ms.
Unloading 6126 Unused Serialized files (Serialized files now loaded: 0)
Unloading 69 unused Assets / (0.7 MB). Loaded Objects now: 6785.
Memory consumption went from 232.4 MB to 231.7 MB.
Total: 6.684600 ms (FindLiveObjects: 0.328900 ms CreateObjectMapping: 0.220800 ms MarkObjects: 5.865800 ms  DeleteObjects: 0.268100 ms)

AssetImportParameters requested are different than current active one (requested -> active):
  custom:video-decoder-ogg-theora: a1e56fd34408186e4bbccfd4996cb3dc -> 
  custom:container-muxer-webm: aa71ff27fc2769a1b78a27578f13a17b -> 
  custom:container-demuxer-webm: 4f35f7cbe854078d1ac9338744f61a02 -> 
  custom:video-encoder-webm-vp8: eb34c28f22e8b96e1ab97ce403110664 -> 
  custom:video-codec-MediaFoundation-h265: 746d11721c4dcdbdad8f713fa42b33f4 -> 
  custom:audio-encoder-webm-vorbis: bf7c407c2cedff20999df2af8eb42d56 -> 
  custom:framework-win-MediaFoundation: 216162199b28c13a410421893ffa2e32 -> 
  custom:container-demuxer-ogg: 62fdf1f143b41e24485cea50d1cbac27 -> 
  custom:video-decoder-webm-vp8: 9c59270c3fd7afecdb556c50c9e8de78 -> 
  custom:audio-decoder-ogg-vorbis: bf7c407c2cedff20999df2af8eb42d56 -> 
========================================================================
Received Import Request.
  Time since last request: 1304.750508 seconds.
  path: Assets/Sprites/CowCoin.png
  artifactKey: Guid(a6f7ffcdbaf694f4aa114ac6e0a43c46) Importer(815301076,1909f56bfc062723c751e8b465ee728b)
Start importing Assets/Sprites/CowCoin.png using Guid(a6f7ffcdbaf694f4aa114ac6e0a43c46) Importer(815301076,1909f56bfc062723c751e8b465ee728b)  -> (artifact id: '990812afc68962b9fae81c9b9746b939') in 0.054835 seconds 
========================================================================
Received Prepare
Registering precompiled user dll's ...
Registered in 0.005934 seconds.
Begin MonoManager ReloadAssembly
Symbol file LoadedFromMemory doesn't match image C:\Users\jillian.chapin\Desktop\gameSem2025\CowGameMGKJ\Library\PackageCache\com.unity.visualscripting@1.8.0\Editor\VisualScripting.Core\Dependencies\DotNetZip\Unity.VisualScripting.IonicZip.dll
Symbol file LoadedFromMemory doesn't match image C:\Users\jillian.chapin\Desktop\gameSem2025\CowGameMGKJ\Library\PackageCache\com.unity.visualscripting@1.8.0\Editor\VisualScripting.Core\Dependencies\YamlDotNet\Unity.VisualScripting.YamlDotNet.dll
Native extension for WindowsStandalone target not found
Refreshing native plugins compatible for Editor in 0.97 ms, found 4 plugins.
Preloading 0 native plugins for Editor in 0.00 ms.
Mono: successfully reloaded assembly
- Completed reload, in  0.894 seconds
Domain Reload Profiling:
	ReloadAssembly (895ms)
		BeginReloadAssembly (92ms)
			ExecutionOrderSort (0ms)
			DisableScriptedObjects (4ms)
			BackupInstance (0ms)
			ReleaseScriptingObjects (0ms)
			CreateAndSetChildDomain (29ms)
		EndReloadAssembly (741ms)
			LoadAssemblies (67ms)
			RebuildTransferFunctionScriptingTraits (0ms)
			SetupTypeCache (185ms)
			ReleaseScriptCaches (2ms)
			RebuildScriptCaches (38ms)
			SetupLoadedEditorAssemblies (382ms)
				LogAssemblyErrors (0ms)
				InitializePlatformSupportModulesInManaged (9ms)
				SetLoadedEditorAssemblies (0ms)
				RefreshPlugins (1ms)
				BeforeProcessingInitializeOnLoad (66ms)
				ProcessInitializeOnLoadAttributes (179ms)
				ProcessInitializeOnLoadMethodAttributes (121ms)
				AfterProcessingInitializeOnLoad (5ms)
				EditorAssembliesLoaded (0ms)
			ExecutionOrderSort2 (0ms)
			AwakeInstancesAfterBackupRestoration (11ms)
Platform modules already initialized, skipping
Refreshing native plugins compatible for Editor in 7.58 ms, found 4 plugins.
Preloading 0 native plugins for Editor in 0.00 ms.
Unloading 6126 Unused Serialized files (Serialized files now loaded: 0)
Unloading 69 unused Assets / (0.7 MB). Loaded Objects now: 6788.
Memory consumption went from 232.4 MB to 231.7 MB.
Total: 8.327400 ms (FindLiveObjects: 0.471300 ms CreateObjectMapping: 0.409300 ms MarkObjects: 6.966000 ms  DeleteObjects: 0.479500 ms)

AssetImportParameters requested are different than current active one (requested -> active):
  custom:video-decoder-ogg-theora: a1e56fd34408186e4bbccfd4996cb3dc -> 
  custom:container-muxer-webm: aa71ff27fc2769a1b78a27578f13a17b -> 
  custom:container-demuxer-webm: 4f35f7cbe854078d1ac9338744f61a02 -> 
  custom:video-encoder-webm-vp8: eb34c28f22e8b96e1ab97ce403110664 -> 
  custom:video-codec-MediaFoundation-h265: 746d11721c4dcdbdad8f713fa42b33f4 -> 
  custom:audio-encoder-webm-vorbis: bf7c407c2cedff20999df2af8eb42d56 -> 
  custom:framework-win-MediaFoundation: 216162199b28c13a410421893ffa2e32 -> 
  custom:container-demuxer-ogg: 62fdf1f143b41e24485cea50d1cbac27 -> 
  custom:video-decoder-webm-vp8: 9c59270c3fd7afecdb556c50c9e8de78 -> 
  custom:audio-decoder-ogg-vorbis: bf7c407c2cedff20999df2af8eb42d56 -> 
========================================================================
Received Prepare
Registering precompiled user dll's ...
Registered in 0.005335 seconds.
Begin MonoManager ReloadAssembly
Symbol file LoadedFromMemory doesn't match image C:\Users\jillian.chapin\Desktop\gameSem2025\CowGameMGKJ\Library\PackageCache\com.unity.visualscripting@1.8.0\Editor\VisualScripting.Core\Dependencies\DotNetZip\Unity.VisualScripting.IonicZip.dll
Symbol file LoadedFromMemory doesn't match image C:\Users\jillian.chapin\Desktop\gameSem2025\CowGameMGKJ\Library\PackageCache\com.unity.visualscripting@1.8.0\Editor\VisualScripting.Core\Dependencies\YamlDotNet\Unity.VisualScripting.YamlDotNet.dll
Native extension for WindowsStandalone target not found
Refreshing native plugins compatible for Editor in 1.12 ms, found 4 plugins.
Preloading 0 native plugins for Editor in 0.00 ms.
Mono: successfully reloaded assembly
- Completed reload, in  0.883 seconds
Domain Reload Profiling:
	ReloadAssembly (883ms)
		BeginReloadAssembly (88ms)
			ExecutionOrderSort (0ms)
			DisableScriptedObjects (4ms)
			BackupInstance (0ms)
			ReleaseScriptingObjects (0ms)
			CreateAndSetChildDomain (28ms)
		EndReloadAssembly (733ms)
			LoadAssemblies (59ms)
			RebuildTransferFunctionScriptingTraits (0ms)
			SetupTypeCache (182ms)
			ReleaseScriptCaches (2ms)
			RebuildScriptCaches (36ms)
			SetupLoadedEditorAssemblies (378ms)
				LogAssemblyErrors (0ms)
				InitializePlatformSupportModulesInManaged (9ms)
				SetLoadedEditorAssemblies (0ms)
				RefreshPlugins (1ms)
				BeforeProcessingInitializeOnLoad (66ms)
				ProcessInitializeOnLoadAttributes (177ms)
				ProcessInitializeOnLoadMethodAttributes (119ms)
				AfterProcessingInitializeOnLoad (5ms)
				EditorAssembliesLoaded (0ms)
			ExecutionOrderSort2 (0ms)
			AwakeInstancesAfterBackupRestoration (11ms)
Platform modules already initialized, skipping
Refreshing native plugins compatible for Editor in 6.93 ms, found 4 plugins.
Preloading 0 native plugins for Editor in 0.00 ms.
Unloading 6126 Unused Serialized files (Serialized files now loaded: 0)
Unloading 69 unused Assets / (0.7 MB). Loaded Objects now: 6791.
Memory consumption went from 232.4 MB to 231.7 MB.
Total: 8.684400 ms (FindLiveObjects: 0.814000 ms CreateObjectMapping: 0.238400 ms MarkObjects: 7.300100 ms  DeleteObjects: 0.330400 ms)

AssetImportParameters requested are different than current active one (requested -> active):
  custom:video-decoder-ogg-theora: a1e56fd34408186e4bbccfd4996cb3dc -> 
  custom:container-muxer-webm: aa71ff27fc2769a1b78a27578f13a17b -> 
  custom:container-demuxer-webm: 4f35f7cbe854078d1ac9338744f61a02 -> 
  custom:video-encoder-webm-vp8: eb34c28f22e8b96e1ab97ce403110664 -> 
  custom:video-codec-MediaFoundation-h265: 746d11721c4dcdbdad8f713fa42b33f4 -> 
  custom:audio-encoder-webm-vorbis: bf7c407c2cedff20999df2af8eb42d56 -> 
  custom:framework-win-MediaFoundation: 216162199b28c13a410421893ffa2e32 -> 
  custom:container-demuxer-ogg: 62fdf1f143b41e24485cea50d1cbac27 -> 
  custom:video-decoder-webm-vp8: 9c59270c3fd7afecdb556c50c9e8de78 -> 
  custom:audio-decoder-ogg-vorbis: bf7c407c2cedff20999df2af8eb42d56 -> 
========================================================================
Received Prepare
Registering precompiled user dll's ...
Registered in 0.006745 seconds.
Begin MonoManager ReloadAssembly
Symbol file LoadedFromMemory doesn't match image C:\Users\jillian.chapin\Desktop\gameSem2025\CowGameMGKJ\Library\PackageCache\com.unity.visualscripting@1.8.0\Editor\VisualScripting.Core\Dependencies\DotNetZip\Unity.VisualScripting.IonicZip.dll
Symbol file LoadedFromMemory doesn't match image C:\Users\jillian.chapin\Desktop\gameSem2025\CowGameMGKJ\Library\PackageCache\com.unity.visualscripting@1.8.0\Editor\VisualScripting.Core\Dependencies\YamlDotNet\Unity.VisualScripting.YamlDotNet.dll
Native extension for WindowsStandalone target not found
Refreshing native plugins compatible for Editor in 1.01 ms, found 4 plugins.
Preloading 0 native plugins for Editor in 0.00 ms.
Mono: successfully reloaded assembly
- Completed reload, in  0.874 seconds
Domain Reload Profiling:
	ReloadAssembly (875ms)
		BeginReloadAssembly (87ms)
			ExecutionOrderSort (0ms)
			DisableScriptedObjects (4ms)
			BackupInstance (0ms)
			ReleaseScriptingObjects (0ms)
			CreateAndSetChildDomain (27ms)
		EndReloadAssembly (725ms)
			LoadAssemblies (66ms)
			RebuildTransferFunctionScriptingTraits (0ms)
			SetupTypeCache (183ms)
			ReleaseScriptCaches (2ms)
			RebuildScriptCaches (36ms)
			SetupLoadedEditorAssemblies (367ms)
				LogAssemblyErrors (0ms)
				InitializePlatformSupportModulesInManaged (9ms)
				SetLoadedEditorAssemblies (0ms)
				RefreshPlugins (1ms)
				BeforeProcessingInitializeOnLoad (66ms)
				ProcessInitializeOnLoadAttributes (170ms)
				ProcessInitializeOnLoadMethodAttributes (117ms)
				AfterProcessingInitializeOnLoad (4ms)
				EditorAssembliesLoaded (0ms)
			ExecutionOrderSort2 (0ms)
			AwakeInstancesAfterBackupRestoration (11ms)
Platform modules already initialized, skipping
Refreshing native plugins compatible for Editor in 8.49 ms, found 4 plugins.
Preloading 0 native plugins for Editor in 0.00 ms.
Unloading 6126 Unused Serialized files (Serialized files now loaded: 0)
Unloading 69 unused Assets / (0.7 MB). Loaded Objects now: 6794.
Memory consumption went from 232.4 MB to 231.7 MB.
Total: 7.865800 ms (FindLiveObjects: 0.872000 ms CreateObjectMapping: 0.285700 ms MarkObjects: 6.433500 ms  DeleteObjects: 0.272900 ms)

AssetImportParameters requested are different than current active one (requested -> active):
  custom:video-decoder-ogg-theora: a1e56fd34408186e4bbccfd4996cb3dc -> 
  custom:container-muxer-webm: aa71ff27fc2769a1b78a27578f13a17b -> 
  custom:container-demuxer-webm: 4f35f7cbe854078d1ac9338744f61a02 -> 
  custom:video-encoder-webm-vp8: eb34c28f22e8b96e1ab97ce403110664 -> 
  custom:video-codec-MediaFoundation-h265: 746d11721c4dcdbdad8f713fa42b33f4 -> 
  custom:audio-encoder-webm-vorbis: bf7c407c2cedff20999df2af8eb42d56 -> 
  custom:framework-win-MediaFoundation: 216162199b28c13a410421893ffa2e32 -> 
  custom:container-demuxer-ogg: 62fdf1f143b41e24485cea50d1cbac27 -> 
  custom:video-decoder-webm-vp8: 9c59270c3fd7afecdb556c50c9e8de78 -> 
  custom:audio-decoder-ogg-vorbis: bf7c407c2cedff20999df2af8eb42d56 -> 
========================================================================
Received Prepare
Registering precompiled user dll's ...
Registered in 0.007754 seconds.
Begin MonoManager ReloadAssembly
Symbol file LoadedFromMemory doesn't match image C:\Users\jillian.chapin\Desktop\gameSem2025\CowGameMGKJ\Library\PackageCache\com.unity.visualscripting@1.8.0\Editor\VisualScripting.Core\Dependencies\DotNetZip\Unity.VisualScripting.IonicZip.dll
Symbol file LoadedFromMemory doesn't match image C:\Users\jillian.chapin\Desktop\gameSem2025\CowGameMGKJ\Library\PackageCache\com.unity.visualscripting@1.8.0\Editor\VisualScripting.Core\Dependencies\YamlDotNet\Unity.VisualScripting.YamlDotNet.dll
Native extension for WindowsStandalone target not found
Refreshing native plugins compatible for Editor in 0.96 ms, found 4 plugins.
Preloading 0 native plugins for Editor in 0.00 ms.
Mono: successfully reloaded assembly
- Completed reload, in  0.860 seconds
Domain Reload Profiling:
	ReloadAssembly (861ms)
		BeginReloadAssembly (86ms)
			ExecutionOrderSort (0ms)
			DisableScriptedObjects (5ms)
			BackupInstance (0ms)
			ReleaseScriptingObjects (0ms)
			CreateAndSetChildDomain (26ms)
		EndReloadAssembly (713ms)
			LoadAssemblies (59ms)
			RebuildTransferFunctionScriptingTraits (0ms)
			SetupTypeCache (176ms)
			ReleaseScriptCaches (2ms)
			RebuildScriptCaches (36ms)
			SetupLoadedEditorAssemblies (372ms)
				LogAssemblyErrors (0ms)
				InitializePlatformSupportModulesInManaged (9ms)
				SetLoadedEditorAssemblies (0ms)
				RefreshPlugins (1ms)
				BeforeProcessingInitializeOnLoad (67ms)
				ProcessInitializeOnLoadAttributes (174ms)
				ProcessInitializeOnLoadMethodAttributes (116ms)
				AfterProcessingInitializeOnLoad (5ms)
				EditorAssembliesLoaded (0ms)
			ExecutionOrderSort2 (0ms)
			AwakeInstancesAfterBackupRestoration (11ms)
Platform modules already initialized, skipping
Refreshing native plugins compatible for Editor in 9.19 ms, found 4 plugins.
Preloading 0 native plugins for Editor in 0.00 ms.
Unloading 6126 Unused Serialized files (Serialized files now loaded: 0)
Unloading 69 unused Assets / (0.7 MB). Loaded Objects now: 6797.
Memory consumption went from 232.4 MB to 231.7 MB.
Total: 7.683800 ms (FindLiveObjects: 0.419900 ms CreateObjectMapping: 0.366200 ms MarkObjects: 6.429700 ms  DeleteObjects: 0.466600 ms)

AssetImportParameters requested are different than current active one (requested -> active):
  custom:video-decoder-ogg-theora: a1e56fd34408186e4bbccfd4996cb3dc -> 
  custom:container-muxer-webm: aa71ff27fc2769a1b78a27578f13a17b -> 
  custom:container-demuxer-webm: 4f35f7cbe854078d1ac9338744f61a02 -> 
  custom:video-encoder-webm-vp8: eb34c28f22e8b96e1ab97ce403110664 -> 
  custom:video-codec-MediaFoundation-h265: 746d11721c4dcdbdad8f713fa42b33f4 -> 
  custom:audio-encoder-webm-vorbis: bf7c407c2cedff20999df2af8eb42d56 -> 
  custom:framework-win-MediaFoundation: 216162199b28c13a410421893ffa2e32 -> 
  custom:container-demuxer-ogg: 62fdf1f143b41e24485cea50d1cbac27 -> 
  custom:video-decoder-webm-vp8: 9c59270c3fd7afecdb556c50c9e8de78 -> 
  custom:audio-decoder-ogg-vorbis: bf7c407c2cedff20999df2af8eb42d56 -> 
========================================================================
Received Prepare
Registering precompiled user dll's ...
Registered in 0.007026 seconds.
Begin MonoManager ReloadAssembly
Symbol file LoadedFromMemory doesn't match image C:\Users\jillian.chapin\Desktop\gameSem2025\CowGameMGKJ\Library\PackageCache\com.unity.visualscripting@1.8.0\Editor\VisualScripting.Core\Dependencies\DotNetZip\Unity.VisualScripting.IonicZip.dll
Symbol file LoadedFromMemory doesn't match image C:\Users\jillian.chapin\Desktop\gameSem2025\CowGameMGKJ\Library\PackageCache\com.unity.visualscripting@1.8.0\Editor\VisualScripting.Core\Dependencies\YamlDotNet\Unity.VisualScripting.YamlDotNet.dll
Native extension for WindowsStandalone target not found
Refreshing native plugins compatible for Editor in 0.94 ms, found 4 plugins.
Preloading 0 native plugins for Editor in 0.00 ms.
Mono: successfully reloaded assembly
- Completed reload, in  0.880 seconds
Domain Reload Profiling:
	ReloadAssembly (880ms)
		BeginReloadAssembly (85ms)
			ExecutionOrderSort (0ms)
			DisableScriptedObjects (4ms)
			BackupInstance (0ms)
			ReleaseScriptingObjects (0ms)
			CreateAndSetChildDomain (25ms)
		EndReloadAssembly (723ms)
			LoadAssemblies (62ms)
			RebuildTransferFunctionScriptingTraits (0ms)
			SetupTypeCache (178ms)
			ReleaseScriptCaches (2ms)
			RebuildScriptCaches (36ms)
			SetupLoadedEditorAssemblies (371ms)
				LogAssemblyErrors (0ms)
				InitializePlatformSupportModulesInManaged (9ms)
				SetLoadedEditorAssemblies (0ms)
				RefreshPlugins (1ms)
				BeforeProcessingInitializeOnLoad (66ms)
				ProcessInitializeOnLoadAttributes (174ms)
				ProcessInitializeOnLoadMethodAttributes (116ms)
				AfterProcessingInitializeOnLoad (5ms)
				EditorAssembliesLoaded (0ms)
			ExecutionOrderSort2 (0ms)
			AwakeInstancesAfterBackupRestoration (14ms)
Platform modules already initialized, skipping
Refreshing native plugins compatible for Editor in 7.66 ms, found 4 plugins.
Preloading 0 native plugins for Editor in 0.00 ms.
Unloading 6126 Unused Serialized files (Serialized files now loaded: 0)
Unloading 69 unused Assets / (0.7 MB). Loaded Objects now: 6800.
Memory consumption went from 232.4 MB to 231.8 MB.
Total: 7.597100 ms (FindLiveObjects: 0.476100 ms CreateObjectMapping: 0.446600 ms MarkObjects: 6.277800 ms  DeleteObjects: 0.395300 ms)

AssetImportParameters requested are different than current active one (requested -> active):
  custom:video-decoder-ogg-theora: a1e56fd34408186e4bbccfd4996cb3dc -> 
  custom:container-muxer-webm: aa71ff27fc2769a1b78a27578f13a17b -> 
  custom:container-demuxer-webm: 4f35f7cbe854078d1ac9338744f61a02 -> 
  custom:video-encoder-webm-vp8: eb34c28f22e8b96e1ab97ce403110664 -> 
  custom:video-codec-MediaFoundation-h265: 746d11721c4dcdbdad8f713fa42b33f4 -> 
  custom:audio-encoder-webm-vorbis: bf7c407c2cedff20999df2af8eb42d56 -> 
  custom:framework-win-MediaFoundation: 216162199b28c13a410421893ffa2e32 -> 
  custom:container-demuxer-ogg: 62fdf1f143b41e24485cea50d1cbac27 -> 
  custom:video-decoder-webm-vp8: 9c59270c3fd7afecdb556c50c9e8de78 -> 
  custom:audio-decoder-ogg-vorbis: bf7c407c2cedff20999df2af8eb42d56 -> 
========================================================================
Received Prepare
Registering precompiled user dll's ...
Registered in 0.005424 seconds.
Begin MonoManager ReloadAssembly
Symbol file LoadedFromMemory doesn't match image C:\Users\jillian.chapin\Desktop\gameSem2025\CowGameMGKJ\Library\PackageCache\com.unity.visualscripting@1.8.0\Editor\VisualScripting.Core\Dependencies\DotNetZip\Unity.VisualScripting.IonicZip.dll
Symbol file LoadedFromMemory doesn't match image C:\Users\jillian.chapin\Desktop\gameSem2025\CowGameMGKJ\Library\PackageCache\com.unity.visualscripting@1.8.0\Editor\VisualScripting.Core\Dependencies\YamlDotNet\Unity.VisualScripting.YamlDotNet.dll
Native extension for WindowsStandalone target not found
Refreshing native plugins compatible for Editor in 1.08 ms, found 4 plugins.
Preloading 0 native plugins for Editor in 0.00 ms.
Mono: successfully reloaded assembly
- Completed reload, in  0.860 seconds
Domain Reload Profiling:
	ReloadAssembly (860ms)
		BeginReloadAssembly (87ms)
			ExecutionOrderSort (0ms)
			DisableScriptedObjects (4ms)
			BackupInstance (0ms)
			ReleaseScriptingObjects (0ms)
			CreateAndSetChildDomain (24ms)
		EndReloadAssembly (713ms)
			LoadAssemblies (62ms)
			RebuildTransferFunctionScriptingTraits (0ms)
			SetupTypeCache (177ms)
			ReleaseScriptCaches (2ms)
			RebuildScriptCaches (36ms)
			SetupLoadedEditorAssemblies (370ms)
				LogAssemblyErrors (0ms)
				InitializePlatformSupportModulesInManaged (8ms)
				SetLoadedEditorAssemblies (0ms)
				RefreshPlugins (1ms)
				BeforeProcessingInitializeOnLoad (66ms)
				ProcessInitializeOnLoadAttributes (174ms)
				ProcessInitializeOnLoadMethodAttributes (116ms)
				AfterProcessingInitializeOnLoad (5ms)
				EditorAssembliesLoaded (0ms)
			ExecutionOrderSort2 (0ms)
			AwakeInstancesAfterBackupRestoration (12ms)
Platform modules already initialized, skipping
Refreshing native plugins compatible for Editor in 6.70 ms, found 4 plugins.
Preloading 0 native plugins for Editor in 0.00 ms.
Unloading 6126 Unused Serialized files (Serialized files now loaded: 0)
Unloading 69 unused Assets / (0.7 MB). Loaded Objects now: 6803.
Memory consumption went from 232.5 MB to 231.8 MB.
Total: 8.479600 ms (FindLiveObjects: 0.433400 ms CreateObjectMapping: 0.407800 ms MarkObjects: 7.337700 ms  DeleteObjects: 0.299400 ms)

AssetImportParameters requested are different than current active one (requested -> active):
  custom:video-decoder-ogg-theora: a1e56fd34408186e4bbccfd4996cb3dc -> 
  custom:container-muxer-webm: aa71ff27fc2769a1b78a27578f13a17b -> 
  custom:container-demuxer-webm: 4f35f7cbe854078d1ac9338744f61a02 -> 
  custom:video-encoder-webm-vp8: eb34c28f22e8b96e1ab97ce403110664 -> 
  custom:video-codec-MediaFoundation-h265: 746d11721c4dcdbdad8f713fa42b33f4 -> 
  custom:audio-encoder-webm-vorbis: bf7c407c2cedff20999df2af8eb42d56 -> 
  custom:framework-win-MediaFoundation: 216162199b28c13a410421893ffa2e32 -> 
  custom:container-demuxer-ogg: 62fdf1f143b41e24485cea50d1cbac27 -> 
  custom:video-decoder-webm-vp8: 9c59270c3fd7afecdb556c50c9e8de78 -> 
  custom:audio-decoder-ogg-vorbis: bf7c407c2cedff20999df2af8eb42d56 -> 
========================================================================
Received Prepare
Registering precompiled user dll's ...
Registered in 0.005274 seconds.
Begin MonoManager ReloadAssembly
Symbol file LoadedFromMemory doesn't match image C:\Users\jillian.chapin\Desktop\gameSem2025\CowGameMGKJ\Library\PackageCache\com.unity.visualscripting@1.8.0\Editor\VisualScripting.Core\Dependencies\DotNetZip\Unity.VisualScripting.IonicZip.dll
Symbol file LoadedFromMemory doesn't match image C:\Users\jillian.chapin\Desktop\gameSem2025\CowGameMGKJ\Library\PackageCache\com.unity.visualscripting@1.8.0\Editor\VisualScripting.Core\Dependencies\YamlDotNet\Unity.VisualScripting.YamlDotNet.dll
Native extension for WindowsStandalone target not found
Refreshing native plugins compatible for Editor in 1.10 ms, found 4 plugins.
Preloading 0 native plugins for Editor in 0.00 ms.
Mono: successfully reloaded assembly
- Completed reload, in  0.896 seconds
Domain Reload Profiling:
	ReloadAssembly (896ms)
		BeginReloadAssembly (93ms)
			ExecutionOrderSort (0ms)
			DisableScriptedObjects (4ms)
			BackupInstance (0ms)
			ReleaseScriptingObjects (0ms)
			CreateAndSetChildDomain (29ms)
		EndReloadAssembly (740ms)
			LoadAssemblies (73ms)
			RebuildTransferFunctionScriptingTraits (0ms)
			SetupTypeCache (179ms)
			ReleaseScriptCaches (2ms)
			RebuildScriptCaches (36ms)
			SetupLoadedEditorAssemblies (382ms)
				LogAssemblyErrors (0ms)
				InitializePlatformSupportModulesInManaged (9ms)
				SetLoadedEditorAssemblies (0ms)
				RefreshPlugins (1ms)
				BeforeProcessingInitializeOnLoad (67ms)
				ProcessInitializeOnLoadAttributes (178ms)
				ProcessInitializeOnLoadMethodAttributes (121ms)
				AfterProcessingInitializeOnLoad (5ms)
				EditorAssembliesLoaded (0ms)
			ExecutionOrderSort2 (0ms)
			AwakeInstancesAfterBackupRestoration (11ms)
Platform modules already initialized, skipping
Refreshing native plugins compatible for Editor in 7.89 ms, found 4 plugins.
Preloading 0 native plugins for Editor in 0.00 ms.
Unloading 6126 Unused Serialized files (Serialized files now loaded: 0)
Unloading 69 unused Assets / (0.7 MB). Loaded Objects now: 6806.
Memory consumption went from 232.5 MB to 231.8 MB.
Total: 8.227900 ms (FindLiveObjects: 0.471800 ms CreateObjectMapping: 0.529100 ms MarkObjects: 6.790300 ms  DeleteObjects: 0.435100 ms)

AssetImportParameters requested are different than current active one (requested -> active):
  custom:video-decoder-ogg-theora: a1e56fd34408186e4bbccfd4996cb3dc -> 
  custom:container-muxer-webm: aa71ff27fc2769a1b78a27578f13a17b -> 
  custom:container-demuxer-webm: 4f35f7cbe854078d1ac9338744f61a02 -> 
  custom:video-encoder-webm-vp8: eb34c28f22e8b96e1ab97ce403110664 -> 
  custom:video-codec-MediaFoundation-h265: 746d11721c4dcdbdad8f713fa42b33f4 -> 
  custom:audio-encoder-webm-vorbis: bf7c407c2cedff20999df2af8eb42d56 -> 
  custom:framework-win-MediaFoundation: 216162199b28c13a410421893ffa2e32 -> 
  custom:container-demuxer-ogg: 62fdf1f143b41e24485cea50d1cbac27 -> 
  custom:video-decoder-webm-vp8: 9c59270c3fd7afecdb556c50c9e8de78 -> 
  custom:audio-decoder-ogg-vorbis: bf7c407c2cedff20999df2af8eb42d56 -> 
========================================================================
Received Prepare
Registering precompiled user dll's ...
Registered in 0.007631 seconds.
Begin MonoManager ReloadAssembly
Symbol file LoadedFromMemory doesn't match image C:\Users\jillian.chapin\Desktop\gameSem2025\CowGameMGKJ\Library\PackageCache\com.unity.visualscripting@1.8.0\Editor\VisualScripting.Core\Dependencies\DotNetZip\Unity.VisualScripting.IonicZip.dll
Symbol file LoadedFromMemory doesn't match image C:\Users\jillian.chapin\Desktop\gameSem2025\CowGameMGKJ\Library\PackageCache\com.unity.visualscripting@1.8.0\Editor\VisualScripting.Core\Dependencies\YamlDotNet\Unity.VisualScripting.YamlDotNet.dll
Native extension for WindowsStandalone target not found
Refreshing native plugins compatible for Editor in 0.96 ms, found 4 plugins.
Preloading 0 native plugins for Editor in 0.00 ms.
Mono: successfully reloaded assembly
- Completed reload, in  0.883 seconds
Domain Reload Profiling:
	ReloadAssembly (883ms)
		BeginReloadAssembly (89ms)
			ExecutionOrderSort (0ms)
			DisableScriptedObjects (4ms)
			BackupInstance (0ms)
			ReleaseScriptingObjects (0ms)
			CreateAndSetChildDomain (25ms)
		EndReloadAssembly (724ms)
			LoadAssemblies (63ms)
			RebuildTransferFunctionScriptingTraits (0ms)
			SetupTypeCache (182ms)
			ReleaseScriptCaches (2ms)
			RebuildScriptCaches (35ms)
			SetupLoadedEditorAssemblies (371ms)
				LogAssemblyErrors (0ms)
				InitializePlatformSupportModulesInManaged (8ms)
				SetLoadedEditorAssemblies (0ms)
				RefreshPlugins (1ms)
				BeforeProcessingInitializeOnLoad (64ms)
				ProcessInitializeOnLoadAttributes (175ms)
				ProcessInitializeOnLoadMethodAttributes (117ms)
				AfterProcessingInitializeOnLoad (5ms)
				EditorAssembliesLoaded (0ms)
			ExecutionOrderSort2 (0ms)
			AwakeInstancesAfterBackupRestoration (11ms)
Platform modules already initialized, skipping
Refreshing native plugins compatible for Editor in 7.77 ms, found 4 plugins.
Preloading 0 native plugins for Editor in 0.00 ms.
Unloading 6126 Unused Serialized files (Serialized files now loaded: 0)
Unloading 69 unused Assets / (0.7 MB). Loaded Objects now: 6809.
Memory consumption went from 232.5 MB to 231.8 MB.
Total: 7.845300 ms (FindLiveObjects: 0.509500 ms CreateObjectMapping: 0.412900 ms MarkObjects: 6.515200 ms  DeleteObjects: 0.405700 ms)

AssetImportParameters requested are different than current active one (requested -> active):
  custom:video-decoder-ogg-theora: a1e56fd34408186e4bbccfd4996cb3dc -> 
  custom:container-muxer-webm: aa71ff27fc2769a1b78a27578f13a17b -> 
  custom:container-demuxer-webm: 4f35f7cbe854078d1ac9338744f61a02 -> 
  custom:video-encoder-webm-vp8: eb34c28f22e8b96e1ab97ce403110664 -> 
  custom:video-codec-MediaFoundation-h265: 746d11721c4dcdbdad8f713fa42b33f4 -> 
  custom:audio-encoder-webm-vorbis: bf7c407c2cedff20999df2af8eb42d56 -> 
  custom:framework-win-MediaFoundation: 216162199b28c13a410421893ffa2e32 -> 
  custom:container-demuxer-ogg: 62fdf1f143b41e24485cea50d1cbac27 -> 
  custom:video-decoder-webm-vp8: 9c59270c3fd7afecdb556c50c9e8de78 -> 
  custom:audio-decoder-ogg-vorbis: bf7c407c2cedff20999df2af8eb42d56 -> 
========================================================================
Received Prepare
Registering precompiled user dll's ...
Registered in 0.005479 seconds.
Begin MonoManager ReloadAssembly
Symbol file LoadedFromMemory doesn't match image C:\Users\jillian.chapin\Desktop\gameSem2025\CowGameMGKJ\Library\PackageCache\com.unity.visualscripting@1.8.0\Editor\VisualScripting.Core\Dependencies\DotNetZip\Unity.VisualScripting.IonicZip.dll
Symbol file LoadedFromMemory doesn't match image C:\Users\jillian.chapin\Desktop\gameSem2025\CowGameMGKJ\Library\PackageCache\com.unity.visualscripting@1.8.0\Editor\VisualScripting.Core\Dependencies\YamlDotNet\Unity.VisualScripting.YamlDotNet.dll
Native extension for WindowsStandalone target not found
Refreshing native plugins compatible for Editor in 0.99 ms, found 4 plugins.
Preloading 0 native plugins for Editor in 0.00 ms.
Mono: successfully reloaded assembly
- Completed reload, in  0.870 seconds
Domain Reload Profiling:
	ReloadAssembly (870ms)
		BeginReloadAssembly (86ms)
			ExecutionOrderSort (0ms)
			DisableScriptedObjects (4ms)
			BackupInstance (0ms)
			ReleaseScriptingObjects (0ms)
			CreateAndSetChildDomain (24ms)
		EndReloadAssembly (721ms)
			LoadAssemblies (60ms)
			RebuildTransferFunctionScriptingTraits (0ms)
			SetupTypeCache (176ms)
			ReleaseScriptCaches (2ms)
			RebuildScriptCaches (37ms)
			SetupLoadedEditorAssemblies (379ms)
				LogAssemblyErrors (0ms)
				InitializePlatformSupportModulesInManaged (9ms)
				SetLoadedEditorAssemblies (0ms)
				RefreshPlugins (1ms)
				BeforeProcessingInitializeOnLoad (69ms)
				ProcessInitializeOnLoadAttributes (178ms)
				ProcessInitializeOnLoadMethodAttributes (117ms)
				AfterProcessingInitializeOnLoad (5ms)
				EditorAssembliesLoaded (0ms)
			ExecutionOrderSort2 (0ms)
			AwakeInstancesAfterBackupRestoration (11ms)
Platform modules already initialized, skipping
Refreshing native plugins compatible for Editor in 7.68 ms, found 4 plugins.
Preloading 0 native plugins for Editor in 0.00 ms.
Unloading 6126 Unused Serialized files (Serialized files now loaded: 0)
Unloading 69 unused Assets / (0.7 MB). Loaded Objects now: 6812.
Memory consumption went from 232.5 MB to 231.8 MB.
Total: 8.246900 ms (FindLiveObjects: 0.486500 ms CreateObjectMapping: 0.414100 ms MarkObjects: 6.929600 ms  DeleteObjects: 0.415600 ms)

AssetImportParameters requested are different than current active one (requested -> active):
  custom:video-decoder-ogg-theora: a1e56fd34408186e4bbccfd4996cb3dc -> 
  custom:container-muxer-webm: aa71ff27fc2769a1b78a27578f13a17b -> 
  custom:container-demuxer-webm: 4f35f7cbe854078d1ac9338744f61a02 -> 
  custom:video-encoder-webm-vp8: eb34c28f22e8b96e1ab97ce403110664 -> 
  custom:video-codec-MediaFoundation-h265: 746d11721c4dcdbdad8f713fa42b33f4 -> 
  custom:audio-encoder-webm-vorbis: bf7c407c2cedff20999df2af8eb42d56 -> 
  custom:framework-win-MediaFoundation: 216162199b28c13a410421893ffa2e32 -> 
  custom:container-demuxer-ogg: 62fdf1f143b41e24485cea50d1cbac27 -> 
  custom:video-decoder-webm-vp8: 9c59270c3fd7afecdb556c50c9e8de78 -> 
  custom:audio-decoder-ogg-vorbis: bf7c407c2cedff20999df2af8eb42d56 -> 
========================================================================
Received Prepare
Registering precompiled user dll's ...
Registered in 0.009155 seconds.
Begin MonoManager ReloadAssembly
Symbol file LoadedFromMemory doesn't match image C:\Users\jillian.chapin\Desktop\gameSem2025\CowGameMGKJ\Library\PackageCache\com.unity.visualscripting@1.8.0\Editor\VisualScripting.Core\Dependencies\DotNetZip\Unity.VisualScripting.IonicZip.dll
Symbol file LoadedFromMemory doesn't match image C:\Users\jillian.chapin\Desktop\gameSem2025\CowGameMGKJ\Library\PackageCache\com.unity.visualscripting@1.8.0\Editor\VisualScripting.Core\Dependencies\YamlDotNet\Unity.VisualScripting.YamlDotNet.dll
Native extension for WindowsStandalone target not found
Refreshing native plugins compatible for Editor in 1.01 ms, found 4 plugins.
Preloading 0 native plugins for Editor in 0.00 ms.
Mono: successfully reloaded assembly
- Completed reload, in  0.866 seconds
Domain Reload Profiling:
	ReloadAssembly (866ms)
		BeginReloadAssembly (85ms)
			ExecutionOrderSort (0ms)
			DisableScriptedObjects (5ms)
			BackupInstance (0ms)
			ReleaseScriptingObjects (0ms)
			CreateAndSetChildDomain (24ms)
		EndReloadAssembly (720ms)
			LoadAssemblies (60ms)
			RebuildTransferFunctionScriptingTraits (0ms)
			SetupTypeCache (182ms)
			ReleaseScriptCaches (2ms)
			RebuildScriptCaches (36ms)
			SetupLoadedEditorAssemblies (369ms)
				LogAssemblyErrors (0ms)
				InitializePlatformSupportModulesInManaged (9ms)
				SetLoadedEditorAssemblies (1ms)
				RefreshPlugins (1ms)
				BeforeProcessingInitializeOnLoad (66ms)
				ProcessInitializeOnLoadAttributes (174ms)
				ProcessInitializeOnLoadMethodAttributes (114ms)
				AfterProcessingInitializeOnLoad (5ms)
				EditorAssembliesLoaded (0ms)
			ExecutionOrderSort2 (0ms)
			AwakeInstancesAfterBackupRestoration (10ms)
Platform modules already initialized, skipping
Refreshing native plugins compatible for Editor in 6.93 ms, found 4 plugins.
Preloading 0 native plugins for Editor in 0.00 ms.
Unloading 6126 Unused Serialized files (Serialized files now loaded: 0)
Unloading 69 unused Assets / (0.7 MB). Loaded Objects now: 6815.
Memory consumption went from 232.5 MB to 231.8 MB.
Total: 8.215200 ms (FindLiveObjects: 0.434200 ms CreateObjectMapping: 0.375400 ms MarkObjects: 6.994900 ms  DeleteObjects: 0.409300 ms)

AssetImportParameters requested are different than current active one (requested -> active):
  custom:video-decoder-ogg-theora: a1e56fd34408186e4bbccfd4996cb3dc -> 
  custom:container-muxer-webm: aa71ff27fc2769a1b78a27578f13a17b -> 
  custom:container-demuxer-webm: 4f35f7cbe854078d1ac9338744f61a02 -> 
  custom:video-encoder-webm-vp8: eb34c28f22e8b96e1ab97ce403110664 -> 
  custom:video-codec-MediaFoundation-h265: 746d11721c4dcdbdad8f713fa42b33f4 -> 
  custom:audio-encoder-webm-vorbis: bf7c407c2cedff20999df2af8eb42d56 -> 
  custom:framework-win-MediaFoundation: 216162199b28c13a410421893ffa2e32 -> 
  custom:container-demuxer-ogg: 62fdf1f143b41e24485cea50d1cbac27 -> 
  custom:video-decoder-webm-vp8: 9c59270c3fd7afecdb556c50c9e8de78 -> 
  custom:audio-decoder-ogg-vorbis: bf7c407c2cedff20999df2af8eb42d56 -> 
========================================================================
Received Prepare
Registering precompiled user dll's ...
Registered in 0.005829 seconds.
Begin MonoManager ReloadAssembly
Symbol file LoadedFromMemory doesn't match image C:\Users\jillian.chapin\Desktop\gameSem2025\CowGameMGKJ\Library\PackageCache\com.unity.visualscripting@1.8.0\Editor\VisualScripting.Core\Dependencies\DotNetZip\Unity.VisualScripting.IonicZip.dll
Symbol file LoadedFromMemory doesn't match image C:\Users\jillian.chapin\Desktop\gameSem2025\CowGameMGKJ\Library\PackageCache\com.unity.visualscripting@1.8.0\Editor\VisualScripting.Core\Dependencies\YamlDotNet\Unity.VisualScripting.YamlDotNet.dll
Native extension for WindowsStandalone target not found
Refreshing native plugins compatible for Editor in 0.97 ms, found 4 plugins.
Preloading 0 native plugins for Editor in 0.00 ms.
Mono: successfully reloaded assembly
- Completed reload, in  0.879 seconds
Domain Reload Profiling:
	ReloadAssembly (880ms)
		BeginReloadAssembly (89ms)
			ExecutionOrderSort (0ms)
			DisableScriptedObjects (4ms)
			BackupInstance (0ms)
			ReleaseScriptingObjects (0ms)
			CreateAndSetChildDomain (28ms)
		EndReloadAssembly (727ms)
			LoadAssemblies (66ms)
			RebuildTransferFunctionScriptingTraits (0ms)
			SetupTypeCache (177ms)
			ReleaseScriptCaches (2ms)
			RebuildScriptCaches (38ms)
			SetupLoadedEditorAssemblies (382ms)
				LogAssemblyErrors (0ms)
				InitializePlatformSupportModulesInManaged (10ms)
				SetLoadedEditorAssemblies (1ms)
				RefreshPlugins (1ms)
				BeforeProcessingInitializeOnLoad (65ms)
				ProcessInitializeOnLoadAttributes (180ms)
				ProcessInitializeOnLoadMethodAttributes (120ms)
				AfterProcessingInitializeOnLoad (5ms)
				EditorAssembliesLoaded (0ms)
			ExecutionOrderSort2 (0ms)
			AwakeInstancesAfterBackupRestoration (11ms)
Platform modules already initialized, skipping
Refreshing native plugins compatible for Editor in 7.33 ms, found 4 plugins.
Preloading 0 native plugins for Editor in 0.00 ms.
Unloading 6126 Unused Serialized files (Serialized files now loaded: 0)
Unloading 69 unused Assets / (0.7 MB). Loaded Objects now: 6818.
Memory consumption went from 232.5 MB to 231.8 MB.
Total: 7.865100 ms (FindLiveObjects: 0.455200 ms CreateObjectMapping: 0.403300 ms MarkObjects: 6.605000 ms  DeleteObjects: 0.399700 ms)

AssetImportParameters requested are different than current active one (requested -> active):
  custom:video-decoder-ogg-theora: a1e56fd34408186e4bbccfd4996cb3dc -> 
  custom:container-muxer-webm: aa71ff27fc2769a1b78a27578f13a17b -> 
  custom:container-demuxer-webm: 4f35f7cbe854078d1ac9338744f61a02 -> 
  custom:video-encoder-webm-vp8: eb34c28f22e8b96e1ab97ce403110664 -> 
  custom:video-codec-MediaFoundation-h265: 746d11721c4dcdbdad8f713fa42b33f4 -> 
  custom:audio-encoder-webm-vorbis: bf7c407c2cedff20999df2af8eb42d56 -> 
  custom:framework-win-MediaFoundation: 216162199b28c13a410421893ffa2e32 -> 
  custom:container-demuxer-ogg: 62fdf1f143b41e24485cea50d1cbac27 -> 
  custom:video-decoder-webm-vp8: 9c59270c3fd7afecdb556c50c9e8de78 -> 
  custom:audio-decoder-ogg-vorbis: bf7c407c2cedff20999df2af8eb42d56 -> 
========================================================================
Received Prepare
Registering precompiled user dll's ...
Registered in 0.009929 seconds.
Begin MonoManager ReloadAssembly
Symbol file LoadedFromMemory doesn't match image C:\Users\jillian.chapin\Desktop\gameSem2025\CowGameMGKJ\Library\PackageCache\com.unity.visualscripting@1.8.0\Editor\VisualScripting.Core\Dependencies\DotNetZip\Unity.VisualScripting.IonicZip.dll
Symbol file LoadedFromMemory doesn't match image C:\Users\jillian.chapin\Desktop\gameSem2025\CowGameMGKJ\Library\PackageCache\com.unity.visualscripting@1.8.0\Editor\VisualScripting.Core\Dependencies\YamlDotNet\Unity.VisualScripting.YamlDotNet.dll
Native extension for WindowsStandalone target not found
Refreshing native plugins compatible for Editor in 1.03 ms, found 4 plugins.
Preloading 0 native plugins for Editor in 0.00 ms.
Mono: successfully reloaded assembly
- Completed reload, in  0.884 seconds
Domain Reload Profiling:
	ReloadAssembly (885ms)
		BeginReloadAssembly (91ms)
			ExecutionOrderSort (0ms)
			DisableScriptedObjects (5ms)
			BackupInstance (0ms)
			ReleaseScriptingObjects (0ms)
			CreateAndSetChildDomain (26ms)
		EndReloadAssembly (733ms)
			LoadAssemblies (58ms)
			RebuildTransferFunctionScriptingTraits (0ms)
			SetupTypeCache (188ms)
			ReleaseScriptCaches (2ms)
			RebuildScriptCaches (38ms)
			SetupLoadedEditorAssemblies (372ms)
				LogAssemblyErrors (0ms)
				InitializePlatformSupportModulesInManaged (9ms)
				SetLoadedEditorAssemblies (0ms)
				RefreshPlugins (1ms)
				BeforeProcessingInitializeOnLoad (66ms)
				ProcessInitializeOnLoadAttributes (173ms)
				ProcessInitializeOnLoadMethodAttributes (118ms)
				AfterProcessingInitializeOnLoad (5ms)
				EditorAssembliesLoaded (0ms)
			ExecutionOrderSort2 (0ms)
			AwakeInstancesAfterBackupRestoration (11ms)
Platform modules already initialized, skipping
Refreshing native plugins compatible for Editor in 8.01 ms, found 4 plugins.
Preloading 0 native plugins for Editor in 0.00 ms.
Unloading 6126 Unused Serialized files (Serialized files now loaded: 0)
Unloading 69 unused Assets / (0.7 MB). Loaded Objects now: 6821.
Memory consumption went from 232.6 MB to 231.8 MB.
Total: 7.697000 ms (FindLiveObjects: 0.440500 ms CreateObjectMapping: 0.378100 ms MarkObjects: 6.445400 ms  DeleteObjects: 0.431700 ms)

AssetImportParameters requested are different than current active one (requested -> active):
  custom:video-decoder-ogg-theora: a1e56fd34408186e4bbccfd4996cb3dc -> 
  custom:container-muxer-webm: aa71ff27fc2769a1b78a27578f13a17b -> 
  custom:container-demuxer-webm: 4f35f7cbe854078d1ac9338744f61a02 -> 
  custom:video-encoder-webm-vp8: eb34c28f22e8b96e1ab97ce403110664 -> 
  custom:video-codec-MediaFoundation-h265: 746d11721c4dcdbdad8f713fa42b33f4 -> 
  custom:audio-encoder-webm-vorbis: bf7c407c2cedff20999df2af8eb42d56 -> 
  custom:framework-win-MediaFoundation: 216162199b28c13a410421893ffa2e32 -> 
  custom:container-demuxer-ogg: 62fdf1f143b41e24485cea50d1cbac27 -> 
  custom:video-decoder-webm-vp8: 9c59270c3fd7afecdb556c50c9e8de78 -> 
  custom:audio-decoder-ogg-vorbis: bf7c407c2cedff20999df2af8eb42d56 -> 
========================================================================
Received Prepare
Registering precompiled user dll's ...
Registered in 0.008754 seconds.
Begin MonoManager ReloadAssembly
Symbol file LoadedFromMemory doesn't match image C:\Users\jillian.chapin\Desktop\gameSem2025\CowGameMGKJ\Library\PackageCache\com.unity.visualscripting@1.8.0\Editor\VisualScripting.Core\Dependencies\DotNetZip\Unity.VisualScripting.IonicZip.dll
Symbol file LoadedFromMemory doesn't match image C:\Users\jillian.chapin\Desktop\gameSem2025\CowGameMGKJ\Library\PackageCache\com.unity.visualscripting@1.8.0\Editor\VisualScripting.Core\Dependencies\YamlDotNet\Unity.VisualScripting.YamlDotNet.dll
Native extension for WindowsStandalone target not found
Refreshing native plugins compatible for Editor in 1.01 ms, found 4 plugins.
Preloading 0 native plugins for Editor in 0.00 ms.
Mono: successfully reloaded assembly
- Completed reload, in  0.882 seconds
Domain Reload Profiling:
	ReloadAssembly (882ms)
		BeginReloadAssembly (86ms)
			ExecutionOrderSort (0ms)
			DisableScriptedObjects (4ms)
			BackupInstance (0ms)
			ReleaseScriptingObjects (0ms)
			CreateAndSetChildDomain (25ms)
		EndReloadAssembly (736ms)
			LoadAssemblies (56ms)
			RebuildTransferFunctionScriptingTraits (0ms)
			SetupTypeCache (180ms)
			ReleaseScriptCaches (2ms)
			RebuildScriptCaches (39ms)
			SetupLoadedEditorAssemblies (384ms)
				LogAssemblyErrors (0ms)
				InitializePlatformSupportModulesInManaged (9ms)
				SetLoadedEditorAssemblies (1ms)
				RefreshPlugins (1ms)
				BeforeProcessingInitializeOnLoad (68ms)
				ProcessInitializeOnLoadAttributes (180ms)
				ProcessInitializeOnLoadMethodAttributes (120ms)
				AfterProcessingInitializeOnLoad (4ms)
				EditorAssembliesLoaded (0ms)
			ExecutionOrderSort2 (0ms)
			AwakeInstancesAfterBackupRestoration (11ms)
Platform modules already initialized, skipping
Refreshing native plugins compatible for Editor in 7.56 ms, found 4 plugins.
Preloading 0 native plugins for Editor in 0.00 ms.
Unloading 6126 Unused Serialized files (Serialized files now loaded: 0)
Unloading 69 unused Assets / (0.7 MB). Loaded Objects now: 6824.
Memory consumption went from 232.6 MB to 231.9 MB.
Total: 8.058700 ms (FindLiveObjects: 0.455500 ms CreateObjectMapping: 0.382700 ms MarkObjects: 6.608300 ms  DeleteObjects: 0.610400 ms)

AssetImportParameters requested are different than current active one (requested -> active):
  custom:video-decoder-ogg-theora: a1e56fd34408186e4bbccfd4996cb3dc -> 
  custom:container-muxer-webm: aa71ff27fc2769a1b78a27578f13a17b -> 
  custom:container-demuxer-webm: 4f35f7cbe854078d1ac9338744f61a02 -> 
  custom:video-encoder-webm-vp8: eb34c28f22e8b96e1ab97ce403110664 -> 
  custom:video-codec-MediaFoundation-h265: 746d11721c4dcdbdad8f713fa42b33f4 -> 
  custom:audio-encoder-webm-vorbis: bf7c407c2cedff20999df2af8eb42d56 -> 
  custom:framework-win-MediaFoundation: 216162199b28c13a410421893ffa2e32 -> 
  custom:container-demuxer-ogg: 62fdf1f143b41e24485cea50d1cbac27 -> 
  custom:video-decoder-webm-vp8: 9c59270c3fd7afecdb556c50c9e8de78 -> 
  custom:audio-decoder-ogg-vorbis: bf7c407c2cedff20999df2af8eb42d56 -> 
========================================================================
Received Prepare
Registering precompiled user dll's ...
Registered in 0.008069 seconds.
Begin MonoManager ReloadAssembly
Symbol file LoadedFromMemory doesn't match image C:\Users\jillian.chapin\Desktop\gameSem2025\CowGameMGKJ\Library\PackageCache\com.unity.visualscripting@1.8.0\Editor\VisualScripting.Core\Dependencies\DotNetZip\Unity.VisualScripting.IonicZip.dll
Symbol file LoadedFromMemory doesn't match image C:\Users\jillian.chapin\Desktop\gameSem2025\CowGameMGKJ\Library\PackageCache\com.unity.visualscripting@1.8.0\Editor\VisualScripting.Core\Dependencies\YamlDotNet\Unity.VisualScripting.YamlDotNet.dll
Native extension for WindowsStandalone target not found
Refreshing native plugins compatible for Editor in 1.00 ms, found 4 plugins.
Preloading 0 native plugins for Editor in 0.00 ms.
Mono: successfully reloaded assembly
- Completed reload, in  0.883 seconds
Domain Reload Profiling:
	ReloadAssembly (884ms)
		BeginReloadAssembly (93ms)
			ExecutionOrderSort (0ms)
			DisableScriptedObjects (5ms)
			BackupInstance (0ms)
			ReleaseScriptingObjects (0ms)
			CreateAndSetChildDomain (27ms)
		EndReloadAssembly (728ms)
			LoadAssemblies (65ms)
			RebuildTransferFunctionScriptingTraits (0ms)
			SetupTypeCache (179ms)
			ReleaseScriptCaches (2ms)
			RebuildScriptCaches (41ms)
			SetupLoadedEditorAssemblies (374ms)
				LogAssemblyErrors (0ms)
				InitializePlatformSupportModulesInManaged (8ms)
				SetLoadedEditorAssemblies (0ms)
				RefreshPlugins (1ms)
				BeforeProcessingInitializeOnLoad (66ms)
				ProcessInitializeOnLoadAttributes (176ms)
				ProcessInitializeOnLoadMethodAttributes (117ms)
				AfterProcessingInitializeOnLoad (5ms)
				EditorAssembliesLoaded (0ms)
			ExecutionOrderSort2 (0ms)
			AwakeInstancesAfterBackupRestoration (11ms)
Platform modules already initialized, skipping
Refreshing native plugins compatible for Editor in 7.11 ms, found 4 plugins.
Preloading 0 native plugins for Editor in 0.00 ms.
Unloading 6126 Unused Serialized files (Serialized files now loaded: 0)
Unloading 69 unused Assets / (0.7 MB). Loaded Objects now: 6827.
Memory consumption went from 232.6 MB to 231.9 MB.
Total: 5.120900 ms (FindLiveObjects: 0.314200 ms CreateObjectMapping: 0.190000 ms MarkObjects: 4.367200 ms  DeleteObjects: 0.248700 ms)

AssetImportParameters requested are different than current active one (requested -> active):
  custom:video-decoder-ogg-theora: a1e56fd34408186e4bbccfd4996cb3dc -> 
  custom:container-muxer-webm: aa71ff27fc2769a1b78a27578f13a17b -> 
  custom:container-demuxer-webm: 4f35f7cbe854078d1ac9338744f61a02 -> 
  custom:video-encoder-webm-vp8: eb34c28f22e8b96e1ab97ce403110664 -> 
  custom:video-codec-MediaFoundation-h265: 746d11721c4dcdbdad8f713fa42b33f4 -> 
  custom:audio-encoder-webm-vorbis: bf7c407c2cedff20999df2af8eb42d56 -> 
  custom:framework-win-MediaFoundation: 216162199b28c13a410421893ffa2e32 -> 
  custom:container-demuxer-ogg: 62fdf1f143b41e24485cea50d1cbac27 -> 
  custom:video-decoder-webm-vp8: 9c59270c3fd7afecdb556c50c9e8de78 -> 
  custom:audio-decoder-ogg-vorbis: bf7c407c2cedff20999df2af8eb42d56 -> 
========================================================================
Received Prepare
Registering precompiled user dll's ...
Registered in 0.005315 seconds.
Begin MonoManager ReloadAssembly
Symbol file LoadedFromMemory doesn't match image C:\Users\jillian.chapin\Desktop\gameSem2025\CowGameMGKJ\Library\PackageCache\com.unity.visualscripting@1.8.0\Editor\VisualScripting.Core\Dependencies\DotNetZip\Unity.VisualScripting.IonicZip.dll
Symbol file LoadedFromMemory doesn't match image C:\Users\jillian.chapin\Desktop\gameSem2025\CowGameMGKJ\Library\PackageCache\com.unity.visualscripting@1.8.0\Editor\VisualScripting.Core\Dependencies\YamlDotNet\Unity.VisualScripting.YamlDotNet.dll
Native extension for WindowsStandalone target not found
Refreshing native plugins compatible for Editor in 1.11 ms, found 4 plugins.
Preloading 0 native plugins for Editor in 0.00 ms.
Mono: successfully reloaded assembly
- Completed reload, in  0.853 seconds
Domain Reload Profiling:
	ReloadAssembly (854ms)
		BeginReloadAssembly (86ms)
			ExecutionOrderSort (0ms)
			DisableScriptedObjects (4ms)
			BackupInstance (0ms)
			ReleaseScriptingObjects (0ms)
			CreateAndSetChildDomain (25ms)
		EndReloadAssembly (708ms)
			LoadAssemblies (59ms)
			RebuildTransferFunctionScriptingTraits (0ms)
			SetupTypeCache (169ms)
			ReleaseScriptCaches (2ms)
			RebuildScriptCaches (35ms)
			SetupLoadedEditorAssemblies (373ms)
				LogAssemblyErrors (0ms)
				InitializePlatformSupportModulesInManaged (9ms)
				SetLoadedEditorAssemblies (1ms)
				RefreshPlugins (1ms)
				BeforeProcessingInitializeOnLoad (66ms)
				ProcessInitializeOnLoadAttributes (178ms)
				ProcessInitializeOnLoadMethodAttributes (113ms)
				AfterProcessingInitializeOnLoad (4ms)
				EditorAssembliesLoaded (0ms)
			ExecutionOrderSort2 (0ms)
			AwakeInstancesAfterBackupRestoration (11ms)
Platform modules already initialized, skipping
Refreshing native plugins compatible for Editor in 7.59 ms, found 4 plugins.
Preloading 0 native plugins for Editor in 0.00 ms.
Unloading 6126 Unused Serialized files (Serialized files now loaded: 0)
Unloading 69 unused Assets / (0.7 MB). Loaded Objects now: 6830.
Memory consumption went from 232.6 MB to 231.9 MB.
Total: 7.525800 ms (FindLiveObjects: 0.432600 ms CreateObjectMapping: 0.360600 ms MarkObjects: 6.398100 ms  DeleteObjects: 0.333200 ms)

AssetImportParameters requested are different than current active one (requested -> active):
  custom:video-decoder-ogg-theora: a1e56fd34408186e4bbccfd4996cb3dc -> 
  custom:container-muxer-webm: aa71ff27fc2769a1b78a27578f13a17b -> 
  custom:container-demuxer-webm: 4f35f7cbe854078d1ac9338744f61a02 -> 
  custom:video-encoder-webm-vp8: eb34c28f22e8b96e1ab97ce403110664 -> 
  custom:video-codec-MediaFoundation-h265: 746d11721c4dcdbdad8f713fa42b33f4 -> 
  custom:audio-encoder-webm-vorbis: bf7c407c2cedff20999df2af8eb42d56 -> 
  custom:framework-win-MediaFoundation: 216162199b28c13a410421893ffa2e32 -> 
  custom:container-demuxer-ogg: 62fdf1f143b41e24485cea50d1cbac27 -> 
  custom:video-decoder-webm-vp8: 9c59270c3fd7afecdb556c50c9e8de78 -> 
  custom:audio-decoder-ogg-vorbis: bf7c407c2cedff20999df2af8eb42d56 -> 
========================================================================
Received Prepare
Registering precompiled user dll's ...
Registered in 0.006787 seconds.
Begin MonoManager ReloadAssembly
Symbol file LoadedFromMemory doesn't match image C:\Users\jillian.chapin\Desktop\gameSem2025\CowGameMGKJ\Library\PackageCache\com.unity.visualscripting@1.8.0\Editor\VisualScripting.Core\Dependencies\DotNetZip\Unity.VisualScripting.IonicZip.dll
Symbol file LoadedFromMemory doesn't match image C:\Users\jillian.chapin\Desktop\gameSem2025\CowGameMGKJ\Library\PackageCache\com.unity.visualscripting@1.8.0\Editor\VisualScripting.Core\Dependencies\YamlDotNet\Unity.VisualScripting.YamlDotNet.dll
Native extension for WindowsStandalone target not found
Refreshing native plugins compatible for Editor in 0.96 ms, found 4 plugins.
Preloading 0 native plugins for Editor in 0.00 ms.
Mono: successfully reloaded assembly
- Completed reload, in  0.882 seconds
Domain Reload Profiling:
	ReloadAssembly (883ms)
		BeginReloadAssembly (87ms)
			ExecutionOrderSort (0ms)
			DisableScriptedObjects (4ms)
			BackupInstance (0ms)
			ReleaseScriptingObjects (0ms)
			CreateAndSetChildDomain (26ms)
		EndReloadAssembly (734ms)
			LoadAssemblies (62ms)
			RebuildTransferFunctionScriptingTraits (0ms)
			SetupTypeCache (182ms)
			ReleaseScriptCaches (2ms)
			RebuildScriptCaches (42ms)
			SetupLoadedEditorAssemblies (376ms)
				LogAssemblyErrors (0ms)
				InitializePlatformSupportModulesInManaged (9ms)
				SetLoadedEditorAssemblies (1ms)
				RefreshPlugins (1ms)
				BeforeProcessingInitializeOnLoad (67ms)
				ProcessInitializeOnLoadAttributes (175ms)
				ProcessInitializeOnLoadMethodAttributes (118ms)
				AfterProcessingInitializeOnLoad (5ms)
				EditorAssembliesLoaded (0ms)
			ExecutionOrderSort2 (0ms)
			AwakeInstancesAfterBackupRestoration (11ms)
Platform modules already initialized, skipping
Refreshing native plugins compatible for Editor in 7.95 ms, found 4 plugins.
Preloading 0 native plugins for Editor in 0.00 ms.
Unloading 6126 Unused Serialized files (Serialized files now loaded: 0)
Unloading 69 unused Assets / (0.7 MB). Loaded Objects now: 6833.
Memory consumption went from 232.6 MB to 231.9 MB.
Total: 8.639900 ms (FindLiveObjects: 0.436600 ms CreateObjectMapping: 0.597200 ms MarkObjects: 7.186800 ms  DeleteObjects: 0.418000 ms)

AssetImportParameters requested are different than current active one (requested -> active):
  custom:video-decoder-ogg-theora: a1e56fd34408186e4bbccfd4996cb3dc -> 
  custom:container-muxer-webm: aa71ff27fc2769a1b78a27578f13a17b -> 
  custom:container-demuxer-webm: 4f35f7cbe854078d1ac9338744f61a02 -> 
  custom:video-encoder-webm-vp8: eb34c28f22e8b96e1ab97ce403110664 -> 
  custom:video-codec-MediaFoundation-h265: 746d11721c4dcdbdad8f713fa42b33f4 -> 
  custom:audio-encoder-webm-vorbis: bf7c407c2cedff20999df2af8eb42d56 -> 
  custom:framework-win-MediaFoundation: 216162199b28c13a410421893ffa2e32 -> 
  custom:container-demuxer-ogg: 62fdf1f143b41e24485cea50d1cbac27 -> 
  custom:video-decoder-webm-vp8: 9c59270c3fd7afecdb556c50c9e8de78 -> 
  custom:audio-decoder-ogg-vorbis: bf7c407c2cedff20999df2af8eb42d56 -> 
========================================================================
Received Prepare
Registering precompiled user dll's ...
Registered in 0.006093 seconds.
Begin MonoManager ReloadAssembly
Symbol file LoadedFromMemory doesn't match image C:\Users\jillian.chapin\Desktop\gameSem2025\CowGameMGKJ\Library\PackageCache\com.unity.visualscripting@1.8.0\Editor\VisualScripting.Core\Dependencies\DotNetZip\Unity.VisualScripting.IonicZip.dll
Symbol file LoadedFromMemory doesn't match image C:\Users\jillian.chapin\Desktop\gameSem2025\CowGameMGKJ\Library\PackageCache\com.unity.visualscripting@1.8.0\Editor\VisualScripting.Core\Dependencies\YamlDotNet\Unity.VisualScripting.YamlDotNet.dll
Native extension for WindowsStandalone target not found
Refreshing native plugins compatible for Editor in 1.05 ms, found 4 plugins.
Preloading 0 native plugins for Editor in 0.00 ms.
Mono: successfully reloaded assembly
- Completed reload, in  0.844 seconds
Domain Reload Profiling:
	ReloadAssembly (845ms)
		BeginReloadAssembly (87ms)
			ExecutionOrderSort (0ms)
			DisableScriptedObjects (5ms)
			BackupInstance (0ms)
			ReleaseScriptingObjects (0ms)
			CreateAndSetChildDomain (27ms)
		EndReloadAssembly (697ms)
			LoadAssemblies (56ms)
			RebuildTransferFunctionScriptingTraits (0ms)
			SetupTypeCache (163ms)
			ReleaseScriptCaches (2ms)
			RebuildScriptCaches (33ms)
			SetupLoadedEditorAssemblies (374ms)
				LogAssemblyErrors (0ms)
				InitializePlatformSupportModulesInManaged (9ms)
				SetLoadedEditorAssemblies (0ms)
				RefreshPlugins (1ms)
				BeforeProcessingInitializeOnLoad (68ms)
				ProcessInitializeOnLoadAttributes (173ms)
				ProcessInitializeOnLoadMethodAttributes (118ms)
				AfterProcessingInitializeOnLoad (4ms)
				EditorAssembliesLoaded (0ms)
			ExecutionOrderSort2 (0ms)
			AwakeInstancesAfterBackupRestoration (10ms)
Platform modules already initialized, skipping
Refreshing native plugins compatible for Editor in 8.80 ms, found 4 plugins.
Preloading 0 native plugins for Editor in 0.00 ms.
Unloading 6126 Unused Serialized files (Serialized files now loaded: 0)
Unloading 69 unused Assets / (0.7 MB). Loaded Objects now: 6836.
Memory consumption went from 232.6 MB to 231.9 MB.
Total: 7.357900 ms (FindLiveObjects: 0.433700 ms CreateObjectMapping: 0.398800 ms MarkObjects: 6.240000 ms  DeleteObjects: 0.284200 ms)

AssetImportParameters requested are different than current active one (requested -> active):
  custom:video-decoder-ogg-theora: a1e56fd34408186e4bbccfd4996cb3dc -> 
  custom:container-muxer-webm: aa71ff27fc2769a1b78a27578f13a17b -> 
  custom:container-demuxer-webm: 4f35f7cbe854078d1ac9338744f61a02 -> 
  custom:video-encoder-webm-vp8: eb34c28f22e8b96e1ab97ce403110664 -> 
  custom:video-codec-MediaFoundation-h265: 746d11721c4dcdbdad8f713fa42b33f4 -> 
  custom:audio-encoder-webm-vorbis: bf7c407c2cedff20999df2af8eb42d56 -> 
  custom:framework-win-MediaFoundation: 216162199b28c13a410421893ffa2e32 -> 
  custom:container-demuxer-ogg: 62fdf1f143b41e24485cea50d1cbac27 -> 
  custom:video-decoder-webm-vp8: 9c59270c3fd7afecdb556c50c9e8de78 -> 
  custom:audio-decoder-ogg-vorbis: bf7c407c2cedff20999df2af8eb42d56 -> 
========================================================================
Received Prepare
Registering precompiled user dll's ...
Registered in 0.007124 seconds.
Begin MonoManager ReloadAssembly
Symbol file LoadedFromMemory doesn't match image C:\Users\jillian.chapin\Desktop\gameSem2025\CowGameMGKJ\Library\PackageCache\com.unity.visualscripting@1.8.0\Editor\VisualScripting.Core\Dependencies\DotNetZip\Unity.VisualScripting.IonicZip.dll
Symbol file LoadedFromMemory doesn't match image C:\Users\jillian.chapin\Desktop\gameSem2025\CowGameMGKJ\Library\PackageCache\com.unity.visualscripting@1.8.0\Editor\VisualScripting.Core\Dependencies\YamlDotNet\Unity.VisualScripting.YamlDotNet.dll
Native extension for WindowsStandalone target not found
Refreshing native plugins compatible for Editor in 1.00 ms, found 4 plugins.
Preloading 0 native plugins for Editor in 0.00 ms.
Mono: successfully reloaded assembly
- Completed reload, in  0.865 seconds
Domain Reload Profiling:
	ReloadAssembly (866ms)
		BeginReloadAssembly (87ms)
			ExecutionOrderSort (0ms)
			DisableScriptedObjects (4ms)
			BackupInstance (0ms)
			ReleaseScriptingObjects (0ms)
			CreateAndSetChildDomain (25ms)
		EndReloadAssembly (718ms)
			LoadAssemblies (62ms)
			RebuildTransferFunctionScriptingTraits (0ms)
			SetupTypeCache (181ms)
			ReleaseScriptCaches (2ms)
			RebuildScriptCaches (36ms)
			SetupLoadedEditorAssemblies (371ms)
				LogAssemblyErrors (0ms)
				InitializePlatformSupportModulesInManaged (9ms)
				SetLoadedEditorAssemblies (0ms)
				RefreshPlugins (1ms)
				BeforeProcessingInitializeOnLoad (66ms)
				ProcessInitializeOnLoadAttributes (173ms)
				ProcessInitializeOnLoadMethodAttributes (116ms)
				AfterProcessingInitializeOnLoad (5ms)
				EditorAssembliesLoaded (0ms)
			ExecutionOrderSort2 (0ms)
			AwakeInstancesAfterBackupRestoration (11ms)
Platform modules already initialized, skipping
Refreshing native plugins compatible for Editor in 7.21 ms, found 4 plugins.
Preloading 0 native plugins for Editor in 0.00 ms.
Unloading 6126 Unused Serialized files (Serialized files now loaded: 0)
Unloading 69 unused Assets / (0.7 MB). Loaded Objects now: 6839.
Memory consumption went from 232.6 MB to 231.9 MB.
Total: 5.944600 ms (FindLiveObjects: 0.373000 ms CreateObjectMapping: 0.242200 ms MarkObjects: 5.059700 ms  DeleteObjects: 0.268300 ms)

AssetImportParameters requested are different than current active one (requested -> active):
  custom:video-decoder-ogg-theora: a1e56fd34408186e4bbccfd4996cb3dc -> 
  custom:container-muxer-webm: aa71ff27fc2769a1b78a27578f13a17b -> 
  custom:container-demuxer-webm: 4f35f7cbe854078d1ac9338744f61a02 -> 
  custom:video-encoder-webm-vp8: eb34c28f22e8b96e1ab97ce403110664 -> 
  custom:video-codec-MediaFoundation-h265: 746d11721c4dcdbdad8f713fa42b33f4 -> 
  custom:audio-encoder-webm-vorbis: bf7c407c2cedff20999df2af8eb42d56 -> 
  custom:framework-win-MediaFoundation: 216162199b28c13a410421893ffa2e32 -> 
  custom:container-demuxer-ogg: 62fdf1f143b41e24485cea50d1cbac27 -> 
  custom:video-decoder-webm-vp8: 9c59270c3fd7afecdb556c50c9e8de78 -> 
  custom:audio-decoder-ogg-vorbis: bf7c407c2cedff20999df2af8eb42d56 -> 
========================================================================
Received Prepare
Registering precompiled user dll's ...
Registered in 0.006930 seconds.
Begin MonoManager ReloadAssembly
Symbol file LoadedFromMemory doesn't match image C:\Users\jillian.chapin\Desktop\gameSem2025\CowGameMGKJ\Library\PackageCache\com.unity.visualscripting@1.8.0\Editor\VisualScripting.Core\Dependencies\DotNetZip\Unity.VisualScripting.IonicZip.dll
Symbol file LoadedFromMemory doesn't match image C:\Users\jillian.chapin\Desktop\gameSem2025\CowGameMGKJ\Library\PackageCache\com.unity.visualscripting@1.8.0\Editor\VisualScripting.Core\Dependencies\YamlDotNet\Unity.VisualScripting.YamlDotNet.dll
Native extension for WindowsStandalone target not found
Refreshing native plugins compatible for Editor in 0.97 ms, found 4 plugins.
Preloading 0 native plugins for Editor in 0.00 ms.
Mono: successfully reloaded assembly
- Completed reload, in  0.871 seconds
Domain Reload Profiling:
	ReloadAssembly (872ms)
		BeginReloadAssembly (86ms)
			ExecutionOrderSort (0ms)
			DisableScriptedObjects (4ms)
			BackupInstance (0ms)
			ReleaseScriptingObjects (0ms)
			CreateAndSetChildDomain (24ms)
		EndReloadAssembly (725ms)
			LoadAssemblies (63ms)
			RebuildTransferFunctionScriptingTraits (0ms)
			SetupTypeCache (176ms)
			ReleaseScriptCaches (2ms)
			RebuildScriptCaches (37ms)
			SetupLoadedEditorAssemblies (378ms)
				LogAssemblyErrors (0ms)
				InitializePlatformSupportModulesInManaged (10ms)
				SetLoadedEditorAssemblies (0ms)
				RefreshPlugins (1ms)
				BeforeProcessingInitializeOnLoad (68ms)
				ProcessInitializeOnLoadAttributes (178ms)
				ProcessInitializeOnLoadMethodAttributes (116ms)
				AfterProcessingInitializeOnLoad (5ms)
				EditorAssembliesLoaded (0ms)
			ExecutionOrderSort2 (0ms)
			AwakeInstancesAfterBackupRestoration (12ms)
Platform modules already initialized, skipping
Refreshing native plugins compatible for Editor in 8.14 ms, found 4 plugins.
Preloading 0 native plugins for Editor in 0.00 ms.
Unloading 6126 Unused Serialized files (Serialized files now loaded: 0)
Unloading 69 unused Assets / (0.7 MB). Loaded Objects now: 6842.
Memory consumption went from 232.6 MB to 231.9 MB.
Total: 7.696000 ms (FindLiveObjects: 0.432800 ms CreateObjectMapping: 0.404200 ms MarkObjects: 6.452300 ms  DeleteObjects: 0.405400 ms)

AssetImportParameters requested are different than current active one (requested -> active):
  custom:video-decoder-ogg-theora: a1e56fd34408186e4bbccfd4996cb3dc -> 
  custom:container-muxer-webm: aa71ff27fc2769a1b78a27578f13a17b -> 
  custom:container-demuxer-webm: 4f35f7cbe854078d1ac9338744f61a02 -> 
  custom:video-encoder-webm-vp8: eb34c28f22e8b96e1ab97ce403110664 -> 
  custom:video-codec-MediaFoundation-h265: 746d11721c4dcdbdad8f713fa42b33f4 -> 
  custom:audio-encoder-webm-vorbis: bf7c407c2cedff20999df2af8eb42d56 -> 
  custom:framework-win-MediaFoundation: 216162199b28c13a410421893ffa2e32 -> 
  custom:container-demuxer-ogg: 62fdf1f143b41e24485cea50d1cbac27 -> 
  custom:video-decoder-webm-vp8: 9c59270c3fd7afecdb556c50c9e8de78 -> 
  custom:audio-decoder-ogg-vorbis: bf7c407c2cedff20999df2af8eb42d56 -> 
========================================================================
Received Prepare
Registering precompiled user dll's ...
Registered in 0.005793 seconds.
Begin MonoManager ReloadAssembly
Symbol file LoadedFromMemory doesn't match image C:\Users\jillian.chapin\Desktop\gameSem2025\CowGameMGKJ\Library\PackageCache\com.unity.visualscripting@1.8.0\Editor\VisualScripting.Core\Dependencies\DotNetZip\Unity.VisualScripting.IonicZip.dll
Symbol file LoadedFromMemory doesn't match image C:\Users\jillian.chapin\Desktop\gameSem2025\CowGameMGKJ\Library\PackageCache\com.unity.visualscripting@1.8.0\Editor\VisualScripting.Core\Dependencies\YamlDotNet\Unity.VisualScripting.YamlDotNet.dll
Native extension for WindowsStandalone target not found
Refreshing native plugins compatible for Editor in 1.03 ms, found 4 plugins.
Preloading 0 native plugins for Editor in 0.00 ms.
Mono: successfully reloaded assembly
- Completed reload, in  0.889 seconds
Domain Reload Profiling:
	ReloadAssembly (890ms)
		BeginReloadAssembly (90ms)
			ExecutionOrderSort (0ms)
			DisableScriptedObjects (5ms)
			BackupInstance (0ms)
			ReleaseScriptingObjects (0ms)
			CreateAndSetChildDomain (28ms)
		EndReloadAssembly (732ms)
			LoadAssemblies (63ms)
			RebuildTransferFunctionScriptingTraits (0ms)
			SetupTypeCache (180ms)
			ReleaseScriptCaches (2ms)
			RebuildScriptCaches (36ms)
			SetupLoadedEditorAssemblies (377ms)
				LogAssemblyErrors (0ms)
				InitializePlatformSupportModulesInManaged (9ms)
				SetLoadedEditorAssemblies (0ms)
				RefreshPlugins (1ms)
				BeforeProcessingInitializeOnLoad (67ms)
				ProcessInitializeOnLoadAttributes (178ms)
				ProcessInitializeOnLoadMethodAttributes (117ms)
				AfterProcessingInitializeOnLoad (5ms)
				EditorAssembliesLoaded (0ms)
			ExecutionOrderSort2 (0ms)
			AwakeInstancesAfterBackupRestoration (14ms)
Platform modules already initialized, skipping
Refreshing native plugins compatible for Editor in 7.60 ms, found 4 plugins.
Preloading 0 native plugins for Editor in 0.00 ms.
Unloading 6126 Unused Serialized files (Serialized files now loaded: 0)
Unloading 69 unused Assets / (0.7 MB). Loaded Objects now: 6845.
Memory consumption went from 232.6 MB to 231.9 MB.
Total: 7.618800 ms (FindLiveObjects: 0.454500 ms CreateObjectMapping: 0.389100 ms MarkObjects: 6.324300 ms  DeleteObjects: 0.449700 ms)

AssetImportParameters requested are different than current active one (requested -> active):
  custom:video-decoder-ogg-theora: a1e56fd34408186e4bbccfd4996cb3dc -> 
  custom:container-muxer-webm: aa71ff27fc2769a1b78a27578f13a17b -> 
  custom:container-demuxer-webm: 4f35f7cbe854078d1ac9338744f61a02 -> 
  custom:video-encoder-webm-vp8: eb34c28f22e8b96e1ab97ce403110664 -> 
  custom:video-codec-MediaFoundation-h265: 746d11721c4dcdbdad8f713fa42b33f4 -> 
  custom:audio-encoder-webm-vorbis: bf7c407c2cedff20999df2af8eb42d56 -> 
  custom:framework-win-MediaFoundation: 216162199b28c13a410421893ffa2e32 -> 
  custom:container-demuxer-ogg: 62fdf1f143b41e24485cea50d1cbac27 -> 
  custom:video-decoder-webm-vp8: 9c59270c3fd7afecdb556c50c9e8de78 -> 
  custom:audio-decoder-ogg-vorbis: bf7c407c2cedff20999df2af8eb42d56 -> 
========================================================================
Received Prepare
Registering precompiled user dll's ...
Registered in 0.006134 seconds.
Begin MonoManager ReloadAssembly
Symbol file LoadedFromMemory doesn't match image C:\Users\jillian.chapin\Desktop\gameSem2025\CowGameMGKJ\Library\PackageCache\com.unity.visualscripting@1.8.0\Editor\VisualScripting.Core\Dependencies\DotNetZip\Unity.VisualScripting.IonicZip.dll
Symbol file LoadedFromMemory doesn't match image C:\Users\jillian.chapin\Desktop\gameSem2025\CowGameMGKJ\Library\PackageCache\com.unity.visualscripting@1.8.0\Editor\VisualScripting.Core\Dependencies\YamlDotNet\Unity.VisualScripting.YamlDotNet.dll
Native extension for WindowsStandalone target not found
Refreshing native plugins compatible for Editor in 1.45 ms, found 4 plugins.
Preloading 0 native plugins for Editor in 0.00 ms.
Mono: successfully reloaded assembly
- Completed reload, in  0.849 seconds
Domain Reload Profiling:
	ReloadAssembly (850ms)
		BeginReloadAssembly (85ms)
			ExecutionOrderSort (0ms)
			DisableScriptedObjects (4ms)
			BackupInstance (0ms)
			ReleaseScriptingObjects (0ms)
			CreateAndSetChildDomain (25ms)
		EndReloadAssembly (704ms)
			LoadAssemblies (59ms)
			RebuildTransferFunctionScriptingTraits (0ms)
			SetupTypeCache (160ms)
			ReleaseScriptCaches (2ms)
			RebuildScriptCaches (37ms)
			SetupLoadedEditorAssemblies (378ms)
				LogAssemblyErrors (0ms)
				InitializePlatformSupportModulesInManaged (10ms)
				SetLoadedEditorAssemblies (1ms)
				RefreshPlugins (2ms)
				BeforeProcessingInitializeOnLoad (70ms)
				ProcessInitializeOnLoadAttributes (175ms)
				ProcessInitializeOnLoadMethodAttributes (116ms)
				AfterProcessingInitializeOnLoad (5ms)
				EditorAssembliesLoaded (0ms)
			ExecutionOrderSort2 (0ms)
			AwakeInstancesAfterBackupRestoration (11ms)
Platform modules already initialized, skipping
Refreshing native plugins compatible for Editor in 9.02 ms, found 4 plugins.
Preloading 0 native plugins for Editor in 0.00 ms.
Unloading 6126 Unused Serialized files (Serialized files now loaded: 0)
Unloading 69 unused Assets / (0.7 MB). Loaded Objects now: 6848.
Memory consumption went from 232.6 MB to 231.9 MB.
Total: 7.731700 ms (FindLiveObjects: 0.441000 ms CreateObjectMapping: 0.390700 ms MarkObjects: 6.481600 ms  DeleteObjects: 0.416700 ms)

AssetImportParameters requested are different than current active one (requested -> active):
  custom:video-decoder-ogg-theora: a1e56fd34408186e4bbccfd4996cb3dc -> 
  custom:container-muxer-webm: aa71ff27fc2769a1b78a27578f13a17b -> 
  custom:container-demuxer-webm: 4f35f7cbe854078d1ac9338744f61a02 -> 
  custom:video-encoder-webm-vp8: eb34c28f22e8b96e1ab97ce403110664 -> 
  custom:video-codec-MediaFoundation-h265: 746d11721c4dcdbdad8f713fa42b33f4 -> 
  custom:audio-encoder-webm-vorbis: bf7c407c2cedff20999df2af8eb42d56 -> 
  custom:framework-win-MediaFoundation: 216162199b28c13a410421893ffa2e32 -> 
  custom:container-demuxer-ogg: 62fdf1f143b41e24485cea50d1cbac27 -> 
  custom:video-decoder-webm-vp8: 9c59270c3fd7afecdb556c50c9e8de78 -> 
  custom:audio-decoder-ogg-vorbis: bf7c407c2cedff20999df2af8eb42d56 -> 
========================================================================
Received Prepare
Registering precompiled user dll's ...
Registered in 0.014410 seconds.
Begin MonoManager ReloadAssembly
Symbol file LoadedFromMemory doesn't match image C:\Users\jillian.chapin\Desktop\gameSem2025\CowGameMGKJ\Library\PackageCache\com.unity.visualscripting@1.8.0\Editor\VisualScripting.Core\Dependencies\DotNetZip\Unity.VisualScripting.IonicZip.dll
Symbol file LoadedFromMemory doesn't match image C:\Users\jillian.chapin\Desktop\gameSem2025\CowGameMGKJ\Library\PackageCache\com.unity.visualscripting@1.8.0\Editor\VisualScripting.Core\Dependencies\YamlDotNet\Unity.VisualScripting.YamlDotNet.dll
Native extension for WindowsStandalone target not found
Refreshing native plugins compatible for Editor in 1.00 ms, found 4 plugins.
Preloading 0 native plugins for Editor in 0.00 ms.
Mono: successfully reloaded assembly
- Completed reload, in  1.178 seconds
Domain Reload Profiling:
	ReloadAssembly (1179ms)
		BeginReloadAssembly (172ms)
			ExecutionOrderSort (0ms)
			DisableScriptedObjects (11ms)
			BackupInstance (0ms)
			ReleaseScriptingObjects (0ms)
			CreateAndSetChildDomain (45ms)
		EndReloadAssembly (861ms)
			LoadAssemblies (129ms)
			RebuildTransferFunctionScriptingTraits (0ms)
			SetupTypeCache (278ms)
			ReleaseScriptCaches (2ms)
			RebuildScriptCaches (37ms)
			SetupLoadedEditorAssemblies (375ms)
				LogAssemblyErrors (0ms)
				InitializePlatformSupportModulesInManaged (10ms)
				SetLoadedEditorAssemblies (0ms)
				RefreshPlugins (1ms)
				BeforeProcessingInitializeOnLoad (67ms)
				ProcessInitializeOnLoadAttributes (175ms)
				ProcessInitializeOnLoadMethodAttributes (116ms)
				AfterProcessingInitializeOnLoad (5ms)
				EditorAssembliesLoaded (0ms)
			ExecutionOrderSort2 (0ms)
			AwakeInstancesAfterBackupRestoration (11ms)
Platform modules already initialized, skipping
Refreshing native plugins compatible for Editor in 7.83 ms, found 4 plugins.
Preloading 0 native plugins for Editor in 0.00 ms.
Unloading 6126 Unused Serialized files (Serialized files now loaded: 0)
Unloading 69 unused Assets / (0.7 MB). Loaded Objects now: 6851.
Memory consumption went from 232.6 MB to 231.9 MB.
Total: 8.101900 ms (FindLiveObjects: 0.467800 ms CreateObjectMapping: 0.410800 ms MarkObjects: 6.775400 ms  DeleteObjects: 0.446500 ms)

AssetImportParameters requested are different than current active one (requested -> active):
  custom:video-decoder-ogg-theora: a1e56fd34408186e4bbccfd4996cb3dc -> 
  custom:container-muxer-webm: aa71ff27fc2769a1b78a27578f13a17b -> 
  custom:container-demuxer-webm: 4f35f7cbe854078d1ac9338744f61a02 -> 
  custom:video-encoder-webm-vp8: eb34c28f22e8b96e1ab97ce403110664 -> 
  custom:video-codec-MediaFoundation-h265: 746d11721c4dcdbdad8f713fa42b33f4 -> 
  custom:audio-encoder-webm-vorbis: bf7c407c2cedff20999df2af8eb42d56 -> 
  custom:framework-win-MediaFoundation: 216162199b28c13a410421893ffa2e32 -> 
  custom:container-demuxer-ogg: 62fdf1f143b41e24485cea50d1cbac27 -> 
  custom:video-decoder-webm-vp8: 9c59270c3fd7afecdb556c50c9e8de78 -> 
  custom:audio-decoder-ogg-vorbis: bf7c407c2cedff20999df2af8eb42d56 -> 
========================================================================
Received Prepare
Registering precompiled user dll's ...
Registered in 0.006320 seconds.
Begin MonoManager ReloadAssembly
Symbol file LoadedFromMemory doesn't match image C:\Users\jillian.chapin\Desktop\gameSem2025\CowGameMGKJ\Library\PackageCache\com.unity.visualscripting@1.8.0\Editor\VisualScripting.Core\Dependencies\DotNetZip\Unity.VisualScripting.IonicZip.dll
Symbol file LoadedFromMemory doesn't match image C:\Users\jillian.chapin\Desktop\gameSem2025\CowGameMGKJ\Library\PackageCache\com.unity.visualscripting@1.8.0\Editor\VisualScripting.Core\Dependencies\YamlDotNet\Unity.VisualScripting.YamlDotNet.dll
Native extension for WindowsStandalone target not found
Refreshing native plugins compatible for Editor in 0.96 ms, found 4 plugins.
Preloading 0 native plugins for Editor in 0.00 ms.
Mono: successfully reloaded assembly
- Completed reload, in  0.867 seconds
Domain Reload Profiling:
	ReloadAssembly (868ms)
		BeginReloadAssembly (84ms)
			ExecutionOrderSort (0ms)
			DisableScriptedObjects (4ms)
			BackupInstance (0ms)
			ReleaseScriptingObjects (0ms)
			CreateAndSetChildDomain (25ms)
		EndReloadAssembly (723ms)
			LoadAssemblies (59ms)
			RebuildTransferFunctionScriptingTraits (0ms)
			SetupTypeCache (179ms)
			ReleaseScriptCaches (2ms)
			RebuildScriptCaches (37ms)
			SetupLoadedEditorAssemblies (373ms)
				LogAssemblyErrors (0ms)
				InitializePlatformSupportModulesInManaged (9ms)
				SetLoadedEditorAssemblies (0ms)
				RefreshPlugins (1ms)
				BeforeProcessingInitializeOnLoad (66ms)
				ProcessInitializeOnLoadAttributes (173ms)
				ProcessInitializeOnLoadMethodAttributes (116ms)
				AfterProcessingInitializeOnLoad (7ms)
				EditorAssembliesLoaded (0ms)
			ExecutionOrderSort2 (0ms)
			AwakeInstancesAfterBackupRestoration (11ms)
Platform modules already initialized, skipping
Refreshing native plugins compatible for Editor in 8.65 ms, found 4 plugins.
Preloading 0 native plugins for Editor in 0.00 ms.
Unloading 6126 Unused Serialized files (Serialized files now loaded: 0)
Unloading 69 unused Assets / (0.7 MB). Loaded Objects now: 6854.
Memory consumption went from 232.6 MB to 231.9 MB.
Total: 7.933100 ms (FindLiveObjects: 0.418300 ms CreateObjectMapping: 0.386000 ms MarkObjects: 6.680300 ms  DeleteObjects: 0.447200 ms)

AssetImportParameters requested are different than current active one (requested -> active):
  custom:video-decoder-ogg-theora: a1e56fd34408186e4bbccfd4996cb3dc -> 
  custom:container-muxer-webm: aa71ff27fc2769a1b78a27578f13a17b -> 
  custom:container-demuxer-webm: 4f35f7cbe854078d1ac9338744f61a02 -> 
  custom:video-encoder-webm-vp8: eb34c28f22e8b96e1ab97ce403110664 -> 
  custom:video-codec-MediaFoundation-h265: 746d11721c4dcdbdad8f713fa42b33f4 -> 
  custom:audio-encoder-webm-vorbis: bf7c407c2cedff20999df2af8eb42d56 -> 
  custom:framework-win-MediaFoundation: 216162199b28c13a410421893ffa2e32 -> 
  custom:container-demuxer-ogg: 62fdf1f143b41e24485cea50d1cbac27 -> 
  custom:video-decoder-webm-vp8: 9c59270c3fd7afecdb556c50c9e8de78 -> 
  custom:audio-decoder-ogg-vorbis: bf7c407c2cedff20999df2af8eb42d56 -> 
========================================================================
Received Prepare
Registering precompiled user dll's ...
Registered in 0.011854 seconds.
Begin MonoManager ReloadAssembly
Symbol file LoadedFromMemory doesn't match image C:\Users\jillian.chapin\Desktop\gameSem2025\CowGameMGKJ\Library\PackageCache\com.unity.visualscripting@1.8.0\Editor\VisualScripting.Core\Dependencies\DotNetZip\Unity.VisualScripting.IonicZip.dll
Symbol file LoadedFromMemory doesn't match image C:\Users\jillian.chapin\Desktop\gameSem2025\CowGameMGKJ\Library\PackageCache\com.unity.visualscripting@1.8.0\Editor\VisualScripting.Core\Dependencies\YamlDotNet\Unity.VisualScripting.YamlDotNet.dll
Native extension for WindowsStandalone target not found
Refreshing native plugins compatible for Editor in 1.48 ms, found 4 plugins.
Preloading 0 native plugins for Editor in 0.00 ms.
Mono: successfully reloaded assembly
- Completed reload, in  1.516 seconds
Domain Reload Profiling:
	ReloadAssembly (1516ms)
		BeginReloadAssembly (151ms)
			ExecutionOrderSort (0ms)
			DisableScriptedObjects (8ms)
			BackupInstance (0ms)
			ReleaseScriptingObjects (0ms)
			CreateAndSetChildDomain (42ms)
		EndReloadAssembly (1246ms)
			LoadAssemblies (113ms)
			RebuildTransferFunctionScriptingTraits (0ms)
			SetupTypeCache (298ms)
			ReleaseScriptCaches (2ms)
			RebuildScriptCaches (61ms)
			SetupLoadedEditorAssemblies (670ms)
				LogAssemblyErrors (0ms)
				InitializePlatformSupportModulesInManaged (14ms)
				SetLoadedEditorAssemblies (1ms)
				RefreshPlugins (2ms)
				BeforeProcessingInitializeOnLoad (127ms)
				ProcessInitializeOnLoadAttributes (330ms)
				ProcessInitializeOnLoadMethodAttributes (187ms)
				AfterProcessingInitializeOnLoad (10ms)
				EditorAssembliesLoaded (0ms)
			ExecutionOrderSort2 (0ms)
			AwakeInstancesAfterBackupRestoration (18ms)
Platform modules already initialized, skipping
Refreshing native plugins compatible for Editor in 8.94 ms, found 4 plugins.
Preloading 0 native plugins for Editor in 0.00 ms.
Unloading 6126 Unused Serialized files (Serialized files now loaded: 0)
Unloading 69 unused Assets / (0.7 MB). Loaded Objects now: 6857.
Memory consumption went from 232.7 MB to 232.0 MB.
Total: 7.898800 ms (FindLiveObjects: 0.747500 ms CreateObjectMapping: 0.278200 ms MarkObjects: 6.504400 ms  DeleteObjects: 0.367600 ms)

AssetImportParameters requested are different than current active one (requested -> active):
  custom:video-decoder-ogg-theora: a1e56fd34408186e4bbccfd4996cb3dc -> 
  custom:container-muxer-webm: aa71ff27fc2769a1b78a27578f13a17b -> 
  custom:container-demuxer-webm: 4f35f7cbe854078d1ac9338744f61a02 -> 
  custom:video-encoder-webm-vp8: eb34c28f22e8b96e1ab97ce403110664 -> 
  custom:video-codec-MediaFoundation-h265: 746d11721c4dcdbdad8f713fa42b33f4 -> 
  custom:audio-encoder-webm-vorbis: bf7c407c2cedff20999df2af8eb42d56 -> 
  custom:framework-win-MediaFoundation: 216162199b28c13a410421893ffa2e32 -> 
  custom:container-demuxer-ogg: 62fdf1f143b41e24485cea50d1cbac27 -> 
  custom:video-decoder-webm-vp8: 9c59270c3fd7afecdb556c50c9e8de78 -> 
  custom:audio-decoder-ogg-vorbis: bf7c407c2cedff20999df2af8eb42d56 -> 
========================================================================
Received Prepare
Registering precompiled user dll's ...
Registered in 0.013043 seconds.
Begin MonoManager ReloadAssembly
Symbol file LoadedFromMemory doesn't match image C:\Users\jillian.chapin\Desktop\gameSem2025\CowGameMGKJ\Library\PackageCache\com.unity.visualscripting@1.8.0\Editor\VisualScripting.Core\Dependencies\DotNetZip\Unity.VisualScripting.IonicZip.dll
Symbol file LoadedFromMemory doesn't match image C:\Users\jillian.chapin\Desktop\gameSem2025\CowGameMGKJ\Library\PackageCache\com.unity.visualscripting@1.8.0\Editor\VisualScripting.Core\Dependencies\YamlDotNet\Unity.VisualScripting.YamlDotNet.dll
Native extension for WindowsStandalone target not found
Refreshing native plugins compatible for Editor in 1.44 ms, found 4 plugins.
Preloading 0 native plugins for Editor in 0.00 ms.
Mono: successfully reloaded assembly
- Completed reload, in  1.507 seconds
Domain Reload Profiling:
	ReloadAssembly (1508ms)
		BeginReloadAssembly (153ms)
			ExecutionOrderSort (0ms)
			DisableScriptedObjects (9ms)
			BackupInstance (0ms)
			ReleaseScriptingObjects (0ms)
			CreateAndSetChildDomain (40ms)
		EndReloadAssembly (1234ms)
			LoadAssemblies (118ms)
			RebuildTransferFunctionScriptingTraits (0ms)
			SetupTypeCache (300ms)
			ReleaseScriptCaches (2ms)
			RebuildScriptCaches (62ms)
			SetupLoadedEditorAssemblies (643ms)
				LogAssemblyErrors (0ms)
				InitializePlatformSupportModulesInManaged (14ms)
				SetLoadedEditorAssemblies (1ms)
				RefreshPlugins (2ms)
				BeforeProcessingInitializeOnLoad (127ms)
				ProcessInitializeOnLoadAttributes (288ms)
				ProcessInitializeOnLoadMethodAttributes (201ms)
				AfterProcessingInitializeOnLoad (11ms)
				EditorAssembliesLoaded (0ms)
			ExecutionOrderSort2 (0ms)
			AwakeInstancesAfterBackupRestoration (22ms)
Platform modules already initialized, skipping
Refreshing native plugins compatible for Editor in 7.84 ms, found 4 plugins.
Preloading 0 native plugins for Editor in 0.00 ms.
Unloading 6126 Unused Serialized files (Serialized files now loaded: 0)
Unloading 69 unused Assets / (0.7 MB). Loaded Objects now: 6860.
Memory consumption went from 232.7 MB to 232.0 MB.
Total: 7.944900 ms (FindLiveObjects: 0.480400 ms CreateObjectMapping: 0.368600 ms MarkObjects: 6.656300 ms  DeleteObjects: 0.438100 ms)

AssetImportParameters requested are different than current active one (requested -> active):
  custom:video-decoder-ogg-theora: a1e56fd34408186e4bbccfd4996cb3dc -> 
  custom:container-muxer-webm: aa71ff27fc2769a1b78a27578f13a17b -> 
  custom:container-demuxer-webm: 4f35f7cbe854078d1ac9338744f61a02 -> 
  custom:video-encoder-webm-vp8: eb34c28f22e8b96e1ab97ce403110664 -> 
  custom:video-codec-MediaFoundation-h265: 746d11721c4dcdbdad8f713fa42b33f4 -> 
  custom:audio-encoder-webm-vorbis: bf7c407c2cedff20999df2af8eb42d56 -> 
  custom:framework-win-MediaFoundation: 216162199b28c13a410421893ffa2e32 -> 
  custom:container-demuxer-ogg: 62fdf1f143b41e24485cea50d1cbac27 -> 
  custom:video-decoder-webm-vp8: 9c59270c3fd7afecdb556c50c9e8de78 -> 
  custom:audio-decoder-ogg-vorbis: bf7c407c2cedff20999df2af8eb42d56 -> 
========================================================================
Received Prepare
Registering precompiled user dll's ...
Registered in 0.008249 seconds.
Begin MonoManager ReloadAssembly
Symbol file LoadedFromMemory doesn't match image C:\Users\jillian.chapin\Desktop\gameSem2025\CowGameMGKJ\Library\PackageCache\com.unity.visualscripting@1.8.0\Editor\VisualScripting.Core\Dependencies\DotNetZip\Unity.VisualScripting.IonicZip.dll
Symbol file LoadedFromMemory doesn't match image C:\Users\jillian.chapin\Desktop\gameSem2025\CowGameMGKJ\Library\PackageCache\com.unity.visualscripting@1.8.0\Editor\VisualScripting.Core\Dependencies\YamlDotNet\Unity.VisualScripting.YamlDotNet.dll
Native extension for WindowsStandalone target not found
Refreshing native plugins compatible for Editor in 1.02 ms, found 4 plugins.
Preloading 0 native plugins for Editor in 0.00 ms.
Mono: successfully reloaded assembly
- Completed reload, in  0.886 seconds
Domain Reload Profiling:
	ReloadAssembly (887ms)
		BeginReloadAssembly (87ms)
			ExecutionOrderSort (0ms)
			DisableScriptedObjects (5ms)
			BackupInstance (0ms)
			ReleaseScriptingObjects (0ms)
			CreateAndSetChildDomain (26ms)
		EndReloadAssembly (735ms)
			LoadAssemblies (59ms)
			RebuildTransferFunctionScriptingTraits (0ms)
			SetupTypeCache (179ms)
			ReleaseScriptCaches (2ms)
			RebuildScriptCaches (37ms)
			SetupLoadedEditorAssemblies (383ms)
				LogAssemblyErrors (0ms)
				InitializePlatformSupportModulesInManaged (9ms)
				SetLoadedEditorAssemblies (0ms)
				RefreshPlugins (1ms)
				BeforeProcessingInitializeOnLoad (67ms)
				ProcessInitializeOnLoadAttributes (182ms)
				ProcessInitializeOnLoadMethodAttributes (119ms)
				AfterProcessingInitializeOnLoad (5ms)
				EditorAssembliesLoaded (0ms)
			ExecutionOrderSort2 (0ms)
			AwakeInstancesAfterBackupRestoration (12ms)
Platform modules already initialized, skipping
Refreshing native plugins compatible for Editor in 7.34 ms, found 4 plugins.
Preloading 0 native plugins for Editor in 0.00 ms.
Unloading 6126 Unused Serialized files (Serialized files now loaded: 0)
Unloading 69 unused Assets / (0.7 MB). Loaded Objects now: 6863.
Memory consumption went from 232.7 MB to 232.0 MB.
Total: 6.596000 ms (FindLiveObjects: 0.432400 ms CreateObjectMapping: 0.380600 ms MarkObjects: 5.499600 ms  DeleteObjects: 0.282000 ms)

AssetImportParameters requested are different than current active one (requested -> active):
  custom:video-decoder-ogg-theora: a1e56fd34408186e4bbccfd4996cb3dc -> 
  custom:container-muxer-webm: aa71ff27fc2769a1b78a27578f13a17b -> 
  custom:container-demuxer-webm: 4f35f7cbe854078d1ac9338744f61a02 -> 
  custom:video-encoder-webm-vp8: eb34c28f22e8b96e1ab97ce403110664 -> 
  custom:video-codec-MediaFoundation-h265: 746d11721c4dcdbdad8f713fa42b33f4 -> 
  custom:audio-encoder-webm-vorbis: bf7c407c2cedff20999df2af8eb42d56 -> 
  custom:framework-win-MediaFoundation: 216162199b28c13a410421893ffa2e32 -> 
  custom:container-demuxer-ogg: 62fdf1f143b41e24485cea50d1cbac27 -> 
  custom:video-decoder-webm-vp8: 9c59270c3fd7afecdb556c50c9e8de78 -> 
  custom:audio-decoder-ogg-vorbis: bf7c407c2cedff20999df2af8eb42d56 -> 
========================================================================
Received Prepare
Registering precompiled user dll's ...
Registered in 0.005490 seconds.
Begin MonoManager ReloadAssembly
Symbol file LoadedFromMemory doesn't match image C:\Users\jillian.chapin\Desktop\gameSem2025\CowGameMGKJ\Library\PackageCache\com.unity.visualscripting@1.8.0\Editor\VisualScripting.Core\Dependencies\DotNetZip\Unity.VisualScripting.IonicZip.dll
Symbol file LoadedFromMemory doesn't match image C:\Users\jillian.chapin\Desktop\gameSem2025\CowGameMGKJ\Library\PackageCache\com.unity.visualscripting@1.8.0\Editor\VisualScripting.Core\Dependencies\YamlDotNet\Unity.VisualScripting.YamlDotNet.dll
Native extension for WindowsStandalone target not found
Refreshing native plugins compatible for Editor in 0.92 ms, found 4 plugins.
Preloading 0 native plugins for Editor in 0.00 ms.
Mono: successfully reloaded assembly
- Completed reload, in  0.859 seconds
Domain Reload Profiling:
	ReloadAssembly (859ms)
		BeginReloadAssembly (87ms)
			ExecutionOrderSort (0ms)
			DisableScriptedObjects (4ms)
			BackupInstance (0ms)
			ReleaseScriptingObjects (0ms)
			CreateAndSetChildDomain (24ms)
		EndReloadAssembly (708ms)
			LoadAssemblies (80ms)
			RebuildTransferFunctionScriptingTraits (0ms)
			SetupTypeCache (193ms)
			ReleaseScriptCaches (2ms)
			RebuildScriptCaches (31ms)
			SetupLoadedEditorAssemblies (335ms)
				LogAssemblyErrors (0ms)
				InitializePlatformSupportModulesInManaged (9ms)
				SetLoadedEditorAssemblies (1ms)
				RefreshPlugins (1ms)
				BeforeProcessingInitializeOnLoad (60ms)
				ProcessInitializeOnLoadAttributes (155ms)
				ProcessInitializeOnLoadMethodAttributes (104ms)
				AfterProcessingInitializeOnLoad (6ms)
				EditorAssembliesLoaded (0ms)
			ExecutionOrderSort2 (0ms)
			AwakeInstancesAfterBackupRestoration (10ms)
Platform modules already initialized, skipping
Refreshing native plugins compatible for Editor in 7.52 ms, found 4 plugins.
Preloading 0 native plugins for Editor in 0.00 ms.
Unloading 6126 Unused Serialized files (Serialized files now loaded: 0)
Unloading 69 unused Assets / (0.7 MB). Loaded Objects now: 6866.
Memory consumption went from 232.7 MB to 232.0 MB.
Total: 5.174400 ms (FindLiveObjects: 0.304800 ms CreateObjectMapping: 0.181500 ms MarkObjects: 4.446200 ms  DeleteObjects: 0.240000 ms)

AssetImportParameters requested are different than current active one (requested -> active):
  custom:video-decoder-ogg-theora: a1e56fd34408186e4bbccfd4996cb3dc -> 
  custom:container-muxer-webm: aa71ff27fc2769a1b78a27578f13a17b -> 
  custom:container-demuxer-webm: 4f35f7cbe854078d1ac9338744f61a02 -> 
  custom:video-encoder-webm-vp8: eb34c28f22e8b96e1ab97ce403110664 -> 
  custom:video-codec-MediaFoundation-h265: 746d11721c4dcdbdad8f713fa42b33f4 -> 
  custom:audio-encoder-webm-vorbis: bf7c407c2cedff20999df2af8eb42d56 -> 
  custom:framework-win-MediaFoundation: 216162199b28c13a410421893ffa2e32 -> 
  custom:container-demuxer-ogg: 62fdf1f143b41e24485cea50d1cbac27 -> 
  custom:video-decoder-webm-vp8: 9c59270c3fd7afecdb556c50c9e8de78 -> 
  custom:audio-decoder-ogg-vorbis: bf7c407c2cedff20999df2af8eb42d56 -> 
========================================================================
Received Prepare
Registering precompiled user dll's ...
Registered in 0.005188 seconds.
Begin MonoManager ReloadAssembly
Symbol file LoadedFromMemory doesn't match image C:\Users\jillian.chapin\Desktop\gameSem2025\CowGameMGKJ\Library\PackageCache\com.unity.visualscripting@1.8.0\Editor\VisualScripting.Core\Dependencies\DotNetZip\Unity.VisualScripting.IonicZip.dll
Symbol file LoadedFromMemory doesn't match image C:\Users\jillian.chapin\Desktop\gameSem2025\CowGameMGKJ\Library\PackageCache\com.unity.visualscripting@1.8.0\Editor\VisualScripting.Core\Dependencies\YamlDotNet\Unity.VisualScripting.YamlDotNet.dll
Native extension for WindowsStandalone target not found
Refreshing native plugins compatible for Editor in 1.02 ms, found 4 plugins.
Preloading 0 native plugins for Editor in 0.00 ms.
Mono: successfully reloaded assembly
- Completed reload, in  0.866 seconds
Domain Reload Profiling:
	ReloadAssembly (867ms)
		BeginReloadAssembly (87ms)
			ExecutionOrderSort (0ms)
			DisableScriptedObjects (4ms)
			BackupInstance (0ms)
			ReleaseScriptingObjects (0ms)
			CreateAndSetChildDomain (26ms)
		EndReloadAssembly (720ms)
			LoadAssemblies (63ms)
			RebuildTransferFunctionScriptingTraits (0ms)
			SetupTypeCache (167ms)
			ReleaseScriptCaches (2ms)
			RebuildScriptCaches (39ms)
			SetupLoadedEditorAssemblies (374ms)
				LogAssemblyErrors (0ms)
				InitializePlatformSupportModulesInManaged (10ms)
				SetLoadedEditorAssemblies (0ms)
				RefreshPlugins (1ms)
				BeforeProcessingInitializeOnLoad (67ms)
				ProcessInitializeOnLoadAttributes (175ms)
				ProcessInitializeOnLoadMethodAttributes (116ms)
				AfterProcessingInitializeOnLoad (5ms)
				EditorAssembliesLoaded (0ms)
			ExecutionOrderSort2 (0ms)
			AwakeInstancesAfterBackupRestoration (12ms)
Platform modules already initialized, skipping
Refreshing native plugins compatible for Editor in 7.95 ms, found 4 plugins.
Preloading 0 native plugins for Editor in 0.00 ms.
Unloading 6126 Unused Serialized files (Serialized files now loaded: 0)
Unloading 69 unused Assets / (0.7 MB). Loaded Objects now: 6869.
Memory consumption went from 232.7 MB to 232.0 MB.
Total: 8.136000 ms (FindLiveObjects: 0.457600 ms CreateObjectMapping: 0.382400 ms MarkObjects: 6.892000 ms  DeleteObjects: 0.402500 ms)

AssetImportParameters requested are different than current active one (requested -> active):
  custom:video-decoder-ogg-theora: a1e56fd34408186e4bbccfd4996cb3dc -> 
  custom:container-muxer-webm: aa71ff27fc2769a1b78a27578f13a17b -> 
  custom:container-demuxer-webm: 4f35f7cbe854078d1ac9338744f61a02 -> 
  custom:video-encoder-webm-vp8: eb34c28f22e8b96e1ab97ce403110664 -> 
  custom:video-codec-MediaFoundation-h265: 746d11721c4dcdbdad8f713fa42b33f4 -> 
  custom:audio-encoder-webm-vorbis: bf7c407c2cedff20999df2af8eb42d56 -> 
  custom:framework-win-MediaFoundation: 216162199b28c13a410421893ffa2e32 -> 
  custom:container-demuxer-ogg: 62fdf1f143b41e24485cea50d1cbac27 -> 
  custom:video-decoder-webm-vp8: 9c59270c3fd7afecdb556c50c9e8de78 -> 
  custom:audio-decoder-ogg-vorbis: bf7c407c2cedff20999df2af8eb42d56 -> 
